pi;type_pi;group_pi;unit;is_nedra;correct;balance;ИС Недра
агальматолит;неметаллы;поделочные камни;т;;агальматолит;Цветные камни;Драгоценные и поделочные камни
агат;неметаллы;поделочные камни;т;;агат;Цветные камни;Драгоценные и поделочные камни
агрокарбонатные руды;неметаллы;химическое сырье;тыс.куб.м;Горно-химическое сырье;агрокарбонатные руды;Карбонатные породы для химической мелиорации почв;Горно-химическое сырье
аквамарин;неметаллы;поделочные камни;кг;;аквамарин;Цветные камни;Драгоценные и поделочные камни
алевролит;неметаллы;строительные материалы;тыс.куб.м;;алевролит;;
алевролит (кирпично-черепичное сырье);неметаллы;строительные материалы;тыс.куб.м;Минерально-строительное сырье;алевролит;Кирпично-черепичное сырье;
алевролит (строительные камни);неметаллы;строительные материалы;тыс.куб.м;;алевролит;;
алевропесчаник;неметаллы;глина;;;алевролит;;
алевропесчаник (строительные камни);неметаллы;строительные материалы;тыс.куб.м;;алевролит;;
алмазы;благородные;алмаз;тыс. каратов;;алмазы;Алмазы;Драгоценные и поделочные камни
алмазы коренные;благородные;алмаз;;;алмазы;Алмазы;Драгоценные и поделочные камни
алмазы россыпные;благородные;алмаз;тыс. каратов;;алмазы россыпные;Алмазы;Драгоценные и поделочные камни
алунит;неметаллы;металлы;тыс.т;;алюминий;Высокоглиноземное сырье;
алюминий;металлы;алюминий;тыс.т;Цветные металлы;алюминий;;
алюминий (глинозем);металлы;алюминий;;Цветные металлы;алюминий (глинозем);Высокоглиноземное сырье;
алюминий (нефелиновые руды);металлы;алюминий;млн.т;Цветные металлы;алюминий (нефелиновые руды);Нефелиновые руды;
амазонит;неметаллы;поделочные камни;т;;амазонит;Цветные камни;Драгоценные и поделочные камни
аметист;неметаллы;поделочные камни;кг;;аметист;Цветные камни;Драгоценные и поделочные камни
аметистовые щетки;неметаллы;поделочные камни;кв.дм;;аметистовые щетки;Цветные камни;Драгоценные и поделочные камни
амфибол-асбест;неметаллы;строительные материалы;;;амфибол-асбест;;
амфиболит;неметаллы;строительные материалы;;;амфиболит;;
амфиболиты;неметаллы;строительные материалы;тыс.куб.м;;амфиболиты;;
анальцим;неметаллы;цеолиты;;;анальцим;Цветные камни;Драгоценные и поделочные камни
андалузит;неметаллы;металлы;тыс.т;Цветные металлы;алюминий;Высокоглиноземное сырье;
андезит;неметаллы;строительные материалы;тыс.куб.м;;андезит;;
андезито-базальт;неметаллы;строительные материалы;тыс.куб.м;;андезито-базальт;;
апатитовые руды;неметаллы;апатитовые руды;тыс.т;Горно-химическое сырье;апатитовые руды;Апатитовые руды;Горно-химическое сырье
апатиты;неметаллы;апатитовые руды;тыс.т;Горно-химическое сырье;апатитовые руды;Апатитовые руды;Горно-химическое сырье
аплит;неметаллы;строительные материалы;;;аплит;;
аргиллит;неметаллы;строительные материалы;тыс.т;Минерально-строительное сырье;аргиллит;Строительные камни;
аргиллит (керамзитовое сырье);неметаллы;строительные материалы;тыс.куб.м;Минерально-строительное сырье;аргиллит (керамзитовое сырье);Керамзитовое сырье;
аргиллит (керамзитовое сырье, кирпично-черепичное сырье);неметаллы;строительные материалы;;Минерально-строительное сырье;аргиы кгирпгичные;Кирпично-черепичное сырье;
аргиллит (кирпично-черепичное сырье);неметаллы;строительные материалы;тыс.куб.м;Минерально-строительное сырье;аргиллит;Кирпично-черепичное сырье;
аргиллит каолиновый;неметаллы;строительные материалы;;Минерально-строительное сырье;аргиллит каолиновый;;
асбест;неметаллы;строительные материалы;тыс.т;Горно-техническое сырье;асбест;Асбест;Горно-техническое сырье
асбест амфиболовый;неметаллы;асбест;тыс.т;Горно-техническое сырье;амфибол-асбест;Асбест для специзделий;Горно-техническое сырье
асбест хризотиловый;неметаллы;строительные материалы;тыс.т;Горно-техническое сырье;асбест;Асбест;Горно-техническое сырье
базальт;неметаллы;строительные материалы;тыс.т;;базальт;;
базальт (для производства минеральной ваты);неметаллы;строительные материалы;тыс.куб.м;;базальт;;
базальт (минеральная вата);неметаллы;строительные материалы;тыс.куб.м;;базальт;;
базальт (наполнители бетона);неметаллы;строительные материалы;тыс.куб.м;;базальт;;
базальт (строительные камни);неметаллы;строительные материалы;тыс.куб.м;;базальт;;
базальт (цем. сырье - активн. добавки);неметаллы;строительные материалы;тыс.т;;цемент;;
базальты (для производства минеральной ваты);неметаллы;строительные материалы;тыс.куб.м;;базальт;;
барий;металлы;Цветные металлы;тыс.т;;барий;;
барит;неметаллы;барит;тыс.т;;барит;;
бентонит;неметаллы;глина;тыс.т;;бентонит;;
берилл;неметаллы;поделочные камни;кг;;берилл;Цветные камни;Драгоценные и поделочные камни
берилл (ювелирные камни);неметаллы;поделочные камни;кг;;берилл;Цветные камни;Драгоценные и поделочные камни
бериллий;металлы;Редкие металлы;тыс.т;Редкие металлы;бериллий;Бериллий;Редкие металлы
битум;неметаллы;строительные материалы;тыс.т;Минерально-строительное сырье;битум;Асфальтиты и битумы;Минерально-строительное сырье
боксит;неметаллы;алюминий;тыс.т;Цветные металлы;бокситы;Бокситы;Цветные металлы
бокситы;неметаллы;алюминий;тыс.т;Цветные металлы;бокситы;Бокситы;Цветные металлы
болотная железная руда (краски);неметаллы;краски;;Минерально-строительное сырье;краски;Минеральные краски;
бор;неметаллы;бор;тыс.т;;бор;;
бораты и боросиликаты;неметаллы;бор;тыс.т;;бораты и боросиликаты;;
борные руды;неметаллы;бор;тыс.т;;борные руды;;
боросиликаты;неметаллы;бор;тыс.т;;боросиликаты;;
брекчия;неметаллы;строительные материалы;;;брекчия;;
брекчия (строительные камни);неметаллы;строительные материалы;тыс.куб.м;;брекчия;;
бром;неметаллы;бром;тыс.т;;бром;;
бурый уголь;уголь;уголь;тыс.т;Твердые горючие полезные ископаемые;уголь бурый;Уголь;Твердые горючие полезные ископаемые
валунно-гравийно-песчаные отложения;неметаллы;строительные материалы;тыс.куб.м;;валунно-гравийно-песчаные материалы;;
валунно-гравийно-песчаный материал;неметаллы;строительные материалы;тыс.куб.м;;валунно-гравийно-песчаные материалы;;
валунно-гравийно-песчаный материал (балластное сырье);неметаллы;строительные материалы;тыс.куб.м;;валунно-гравийно-песчаные материалы;;
валунно-гравийно-песчаный материал (наполнители бетона);неметаллы;строительные материалы;тыс.куб.м;;валунно-гравийно-песчаные материалы;;
валунно-песчано-гравийный материал;неметаллы;строительные материалы;;;валунно-гравийно-песчаные материалы;;
валуны;неметаллы;строительные материалы;;;валунно-гравийно-песчаные материалы;;
валуны (наполнители бетона);неметаллы;строительные материалы;;;валунно-гравийно-песчаные материалы;;
валуны (отсев) (наполнители бетона);неметаллы;строительные материалы;;;валунно-гравийно-песчаные материалы;;
ванадий;металлы;Редкие металлы;тыс.т;Редкие металлы;ванадий;Ванадий;Редкие металлы
ваннадий;металлы;Редкие металлы;;Редкие металлы;ванадий;Ванадий;Редкие металлы
вермикулит;неметаллы;строительные материалы;тыс.куб.м;;вермикулит;;
висмут;металлы;Цветные металлы;т;Цветные металлы;висмут;Висмут;Цветные металлы
волластонит;неметаллы;силикаты;тыс.т;Горнотехническое сырье;волластонит;Волластонит;
вольфрам;металлы;Цветные металлы;т;Цветные металлы;вольфрам;Вольфрам;Цветные металлы
вольфрам россыпное;металлы;Цветные металлы;т;Цветные металлы;вольфрам россыпной;Вольфрам;Цветные металлы
высокоглиноземистые материалы;неметаллы;металлы;тыс.т;Цветные металлы;алюминий;Высокоглиноземное сырье;
высокоглиноземистый материал;неметаллы;металлы;тыс.т;Цветные металлы;алюминий;Высокоглиноземное сырье;
габбро;неметаллы;строительные материалы;тыс.куб.м;;габбро;;
габбро (бутовый камень);неметаллы;строительные материалы;тыс.куб.м;;габбро;;
габбро (наполнители бетона);неметаллы;строительные материалы;тыс.куб.м;;габбро;;
габбро (строительные камни);неметаллы;строительные материалы;тыс.куб.м;;габбро;;
габбро-диабаз;неметаллы;строительные материалы;тыс.куб.м;;габбро-диабаз;;
габбро-диабаз (балластное сырье);неметаллы;строительные материалы;тыс.куб.м;;габбро-диабаз;;
габбро-диабаз (балластное сырье, строительные камни);неметаллы;строительные материалы;;;габбро-диабаз;;
габбро-диабаз (бутовый камень);неметаллы;строительные материалы;тыс.куб.м;;габбро-диабаз;;
габбро-диабаз (строительные камни);неметаллы;строительные материалы;тыс.куб.м;;габбро-диабаз;;
габбро-диорит;неметаллы;строительные материалы;тыс.куб.м;Минерально-строительное сырье;габбро-диорит;Строительные камни;
габбро-долерит;неметаллы;строительные материалы;;;габбро-долерит;;
габбро-долерит (строительные камни);неметаллы;строительные материалы;тыс.куб.м;;габбро-долерит;;
габбро-монцонит;неметаллы;строительные материалы;тыс.куб.м;;монцонит;;
габродиорит;неметаллы;строительные материалы;;;габродиорит;;
галечно-гравийная смесь;неметаллы;строительные материалы;тыс.куб.м;;;;
галит;неметаллы;соли;тыс.т;;;;
галлий;металлы;Рассеянные элементы;т;Рассеянные элементы;галлий;Рассеянные элементы;Рассеянные элементы
галька (наполнители бетона);неметаллы;строительные материалы;;;;;
галька и гравий;неметаллы;строительные материалы;тыс.куб.м;;;;
гафний;металлы;Рассеянные элементы;;Рассеянные элементы;гафний;Рассеянные элементы;Рассеянные элементы
германий;металлы;Рассеянные элементы;тыс.т;Рассеянные элементы;германий;Рассеянные элементы;Рассеянные элементы
гипс;неметаллы;гипс;тыс.т;;;;
гипс (вяжущие материалы);неметаллы;гипс;тыс.т;;;;
гипс каменный;неметаллы;гипс;тыс.т;;;;
гипс строительный;неметаллы;гипс;тыс.т;;;;
гипсоангидрит;неметаллы;гипс;тыс.т;;;;
глиеж;неметаллы;строительные материалы;тыс.т;;;;
глиеж (цем. сырье - активн. добавки);неметаллы;строительные материалы;тыс.т;Минерально-строительное сырье;цемент;Цементное сырье;
глина;неметаллы;строительные материалы;тыс.т;;;;
глина ;неметаллы;глина;;;;;
глина (балластное сырье);неметаллы;глина;;;;;
глина (балластное сырье), суглинок (балластное сырье);неметаллы;строительные материалы;тыс.куб.м;;;;
глина (буровые растворы);неметаллы;глина;тыс.куб.м;;;;
глина (буровые растворы, керамзитовое сырье, формовочные материалы);неметаллы;глина;;;;;
глина (закладка выемочного пространства);неметаллы;строительные материалы;тыс.т;;;;
глина (катализаторы);неметаллы;глина;;;;;
глина (керамзитовое сырье);неметаллы;глина;тыс.куб.м;;;;
глина (керамзитовое сырье, кирпично-черепичное сырье);неметаллы;строительные материалы;;Минерально-строительное сырье;глины кирпичные;Кирпично-черепичное сырье;
глина (керамика грубая);неметаллы;глина;тыс.куб.м;;;;
глина (керамика грубая, кирпично-черепичное сырье);неметаллы;строительные материалы;;Минерально-строительное сырье;глины кирпичные;Кирпично-черепичное сырье;
глина (керамика тонкая);неметаллы;глина;тыс.т;;;;
глина (кирпично-черепичное сырье);неметаллы;строительные материалы;тыс.куб.м;Минерально-строительное сырье;глина;Кирпично-черепичное сырье;
глина (кирпично-черепичное сырье), суглинок (кирпично-черепичное сырье);неметаллы;строительные материалы;тыс.куб.м;Минерально-строительное сырье;глины кирпичные;Кирпично-черепичное сырье;
глина (краски);неметаллы;краски;тыс.т;Минерально-строительное сырье;краски;Минеральные краски;
глина (огнеупорные материалы);неметаллы;глина;тыс.т;;;;
глина (строительные камни);неметаллы;глина;;;;;
глина (тугоплавкие материалы);неметаллы;глина;тыс.т;;;;
глина (формовочные материалы);неметаллы;глина;;;;;
глина (цем. сырье - глинист. комп.);неметаллы;строительные материалы;тыс.т;Минерально-строительное сырье;цемент;Цементное сырье;
глина алевритовая;неметаллы;глина;;;алевролит;;
глина алевритовая (керамика грубая);неметаллы;глина;;;алевролит;;
глина алевритовая (формовочные материалы);неметаллы;строительные материалы;тыс.т;;алевролит;;
глина бентонитовая;неметаллы;глина;тыс.т;;;;
глина бентонитовая (кирпично-черепичное сырье);неметаллы;строительные материалы;тыс.куб.м;Минерально-строительное сырье;глины кирпичные;Кирпично-черепичное сырье;
глина восковидная;неметаллы;глина;;;;;
глина восковидная (формовочные материалы);неметаллы;строительные материалы;тыс.т;;;;
глина гончарная;неметаллы;глина;;;;;
глина дисперсная;неметаллы;глина;тыс.куб.м;;;;
глина для буровых растворов;неметаллы;глина;;;;;
глина известково-палыгорскитовая (карбонатное сырье для извести);неметаллы;глина;;;;;
глина каолиновая;неметаллы;глина;тыс.т;;;;
глина керамзитовая;неметаллы;глина;тыс.куб.м;;;;
глина керамическая;неметаллы;глина;;;;;
глина кирпичная;неметаллы;строительные материалы;тыс.куб.м;Минерально-строительное сырье;глины кирпичные;Кирпично-черепичное сырье;
глина кирпично-черепичное сырье;неметаллы;строительные материалы;;Минерально-строительное сырье;глины кирпичные;Кирпично-черепичное сырье;
глина коллоидальная;неметаллы;глина;тыс.т;;;;
глина краски;неметаллы;глина;;;;;
глина красочная;неметаллы;краски;тыс.т;Минерально-строительное сырье;краски;Минеральные краски;
глина легкоплавкая;неметаллы;строительные материалы;тыс.куб.м;;;;
глина легкоплавкая (кирпично-черепичное сырье);неметаллы;строительные материалы;тыс.куб.м;Минерально-строительное сырье;глины кирпичные;Кирпично-черепичное сырье;
глина огнеупорная;неметаллы;глина;тыс.т;;;;
глина отбеливающая;неметаллы;глина;тыс.т;;;;
глина охристая;неметаллы;краски;;Минерально-строительное сырье;краски;Минеральные краски;
глина охристая (краски);неметаллы;краски;тыс.т;Минерально-строительное сырье;краски;Минеральные краски;
глина песчанистая (кирпично-черепичное сырье);неметаллы;строительные материалы;тыс.куб.м;Минерально-строительное сырье;глины кирпичные;Кирпично-черепичное сырье;
глина пластичная (кирпично-черепичное сырье);неметаллы;строительные материалы;тыс.куб.м;Минерально-строительное сырье;глины кирпичные;Кирпично-черепичное сырье;
глина пылеватая (керамика грубая);неметаллы;глина;;;;;
глина сухарная;неметаллы;глина;;;;;
глина тугоплавкая;неметаллы;глина;тыс.т;;;;
глина черепичная;неметаллы;глина;;;;;
глинистые сланцы керамзитовые;неметаллы;глина;тыс.куб.м;;;;
глины бентониовые;неметаллы;глина;;;;;
глины бентонитовые;неметаллы;глина;тыс.т;;;;
глины буровые;неметаллы;глина;тыс.куб.м;;;;
глины гончарные;неметаллы;строительные материалы;тыс.т;;;;
глины для цементного произ.;неметаллы;строительные материалы;тыс.т;Минерально-строительное сырье;цемент;Цементное сырье;
глины каолиновые;неметаллы;глина;тыс.т;;;;
глины керамзитовые;неметаллы;глина;тыс.куб.м;;;;
глины керамические;неметаллы;строительные материалы;тыс.куб.м;;;;
глины кирпичные;неметаллы;строительные материалы;тыс.куб.м;Минерально-строительное сырье;глины кирпичные;Кирпично-черепичное сырье;
глины красочные;неметаллы;краски;тыс.т;Минерально-строительное сырье;краски;Минеральные краски;
глины огнеупорные;неметаллы;глина;тыс.т;;;;
глины сухарные;неметаллы;глина;тыс.т;;;;
глины цементные;неметаллы;строительные материалы;тыс.т;Минерально-строительное сырье;цемент;Цементное сырье;
глины черепичные;неметаллы;строительные материалы;тыс.куб.м;;;;
гнейс;неметаллы;строительные материалы;тыс.куб.м;;;;
гнейс (строительные камни);неметаллы;строительные материалы;тыс.куб.м;;;;
гнейс (щебень);неметаллы;строительные материалы;тыс.куб.м;;;;
гнейсогранит;неметаллы;строительные материалы;тыс.куб.м;;;;
гнейсо-гранит;неметаллы;строительные материалы;тыс.куб.м;;;;
гнейсо-гранит (строительные камни);неметаллы;строительные материалы;;;;;
гнейсогранит (щебень);неметаллы;строительные материалы;тыс.куб.м;;;;
горный хрусталь;неметаллы;горно-техническое сырье;кг;;горный хрусталь;Пьезооптическое сырье;Драгоценные и поделочные камни
горючие сланцы;неметаллы;сланцы;тыс.т;Твердые горючие полезные ископаемые;сланцы горючие;Сланцы горючие;Твердые горючие полезные ископаемые
гравий;неметаллы;строительные материалы;тыс.куб.м;;;;
гравий (балластное сырье);неметаллы;строительные материалы;тыс.куб.м;;;;
гравий (наполнители бетона);неметаллы;строительные материалы;тыс.куб.м;;;;
гравий (отсев);неметаллы;строительные материалы;;;;;
гравий (отсев) (балластное сырье);неметаллы;строительные материалы;;;;;
гравий (отсев) (балластное сырье, дорожное строительство, наполнители бетона);неметаллы;строительные материалы;;;;;
гравий (отсев) (балластное сырье, наполнители бетона);неметаллы;строительные материалы;;;;;
гравий (отсев) (дорожное строительство);неметаллы;строительные материалы;;;;;
гравий (отсев) (дорожное строительство, наполнители бетона);неметаллы;строительные материалы;;;;;
гравий (отсев) (наполнители бетона);неметаллы;строительные материалы;тыс.куб.м;;;;
гравий (отсев) (наполнители бетона, строительные камни);неметаллы;строительные материалы;;;;;
гравий (отсев) (наполнители бетона, строительные материалы);неметаллы;строительные материалы;;;;;
гравий (отсев) (наполнители бетона, строительные растворы);неметаллы;строительные материалы;;;;;
гравий (отсев) (строительные материалы, наполнители бетона);неметаллы;строительные материалы;;;;;
гравий (щебень) (балластное сырье);неметаллы;строительные материалы;;;;;
гравийно-галечный материал (балластное сырье, наполнители бетона);неметаллы;строительные материалы;;;;;
гравийно-песчаная смесь;неметаллы;строительные материалы;тыс.куб.м;;;;
гравийно-песчаный материал;неметаллы;строительные материалы;тыс.куб.м;;;;
гравийно-песчаный материал (балластное сырье);неметаллы;строительные материалы;тыс.куб.м;;;;
гравийно-песчаный материал (гравий) (наполнители бетона);неметаллы;строительные материалы;;;;;
гравийно-песчаный материал (дорожное строительство);неметаллы;строительные материалы;тыс.куб.м;;;;
гравийно-песчаный материал (наполнители бетона);неметаллы;строительные материалы;тыс.куб.м;;;;
гравийно-песчаный материал (наполнители бетона, балластное сырье);неметаллы;строительные материалы;;;;;
гравийно-песчаный материал (наполнители бетона, строительные растворы);неметаллы;строительные материалы;;;;;
гравийно-песчаный материал (силикатные изделия);неметаллы;строительные материалы;тыс.куб.м;;;;
гравийно-песчаный материал (строительные растворы);неметаллы;строительные материалы;;;;;
гранат;неметаллы;абразивы;тыс.т;;;;
гранит;неметаллы;строительные материалы;тыс.куб.м;;;;
гранит (балластное сырье);неметаллы;строительные материалы;тыс.куб.м;;;;
гранит (балластное сырье, строительные камни);неметаллы;строительные материалы;;;;;
гранит (наполнители бетона);неметаллы;строительные материалы;тыс.куб.м;;;;
гранит (облицовочные камни);неметаллы;строительные материалы;тыс.куб.м;;;;
гранит (полевошпатовое сырье);неметаллы;горно-техническое сырье;тыс.куб.м;;;Полевошпатовое сырье;
гранит (строительные камни);неметаллы;строительные материалы;тыс.куб.м;;;;
гранит (щебень);неметаллы;строительные материалы;тыс.куб.м;;;;
гранит аплит;неметаллы;строительные материалы;;;;;
гранит аплит (строительные камни);неметаллы;строительные материалы;тыс.куб.м;;;;
гранит мелкозернистый;неметаллы;строительные материалы;тыс.куб.м;;;;
гранит порфировидный;неметаллы;строительные материалы;тыс.куб.м;Минерально-строительное сырье;порфирит;Строительные камни;
гранит порфировидный (строительные камни);неметаллы;строительные материалы;;Минерально-строительное сырье;порфирит;Строительные камни;
гранит-аплит;неметаллы;строительные материалы;;;;;
гранитные пегматиты;неметаллы;строительные материалы;тыс.куб.м;;гранит;;
гранитогнейс;неметаллы;строительные материалы;тыс.куб.м;;;;
гранитогнейс (на щебень);неметаллы;строительные материалы;тыс.куб.м;;;;
гранитоид;неметаллы;строительные материалы;;;;;
гранитоиды;неметаллы;строительные материалы;тыс.куб.м;;;;
гранит-порфир;неметаллы;строительные материалы;тыс.куб.м;Минерально-строительное сырье;порфирит;Строительные камни;
граниты;неметаллы;строительные материалы;тыс.куб.м;Минерально-строительное сырье;гранит;Строительные камни;
граниты (камень облиц.);неметаллы;строительные материалы;;Минерально-строительное сырье;гранит;Строительные камни;
гранодиорит;неметаллы;строительные материалы;тыс.куб.м;;;;
гранодиорит (балластное сырье);неметаллы;строительные материалы;тыс.куб.м;;;;
гранодиорит (наполнитель бетона);неметаллы;строительные материалы;тыс.куб.м;;;;
гранодиорит (облицовочные камни);неметаллы;строительные материалы;тыс.куб.м;;;;
гранодиорит (строительные камни);неметаллы;строительные материалы;тыс.куб.м;;;;
граносиенит;неметаллы;строительные материалы;тыс.куб.м;;;;
графит;неметаллы;графит;тыс.т;;;;
графит кристаллический;неметаллы;графит;тыс.т;;;;
грунт;неметаллы;строительные материалы;;Минерально-строительное сырье;;;
датолит;неметаллы;поделочные камни;;;;;
дацит;неметаллы;строительные материалы;тыс.куб.м;;;;
диабаз;неметаллы;строительные материалы;тыс.куб.м;;;;
диабаз (строительное сырье);неметаллы;строительные материалы;;;;;
диабаз (строительные камни);неметаллы;строительные материалы;тыс.куб.м;;;;
диабаз (щебень);неметаллы;строительные материалы;тыс.куб.м;;;;
гранат;неметаллы;поделочные камни;;;гранат;Цветные камни;Драгоценные и поделочные камни
диопсид;неметаллы;поделочные камни;тыс.т;;диопсид;Цветные камни;Драгоценные и поделочные камни
диорит;неметаллы;строительные материалы;тыс.куб.м;Минерально-строительное сырье;диорит;;
диорит (наполнитель бетона);неметаллы;строительные материалы;тыс.куб.м;Минерально-строительное сырье;диорит;;
диорит (строительные камни);неметаллы;строительные материалы;тыс.куб.м;Минерально-строительное сырье;диорит;;
дистен;неметаллы;поделочные камни;тыс.т;;;;
долерит;неметаллы;строительные материалы;тыс.куб.м;;;;
долерит (балластное сырье);неметаллы;строительные материалы;;;;;
долерит (для каменного литья, строительные камни);неметаллы;строительные материалы;;;;;
долерит (дорожное строительство);неметаллы;строительные материалы;тыс.куб.м;;;;
долерит (каменное литье);неметаллы;строительные материалы;тыс.куб.м;;;;
долерит (облицовочные камни);неметаллы;строительные материалы;тыс.куб.м;;;;
долерит (облицовочные камни, строительные камни);неметаллы;строительные материалы;;;;;
долерит (строительные камни);неметаллы;строительные материалы;тыс.куб.м;;;;
долерит (щебень);неметаллы;строительные материалы;тыс.куб.м;;;;
долеритобазальт;неметаллы;строительные материалы;;;;;
долеритобазальт (минеральная вата);неметаллы;строительные материалы;тыс.куб.м;;;;
долеритобазальт (строительные камни);неметаллы;строительные материалы;тыс.куб.м;;;;
доломит;неметаллы;строительные материалы;тыс.куб.м;;;;
доломит (балластное сырье);неметаллы;строительные материалы;тыс.куб.м;;;;
доломит (бальнеологические цели);неметаллы;строительные материалы;;;;;
доломит (для минеральной ваты);неметаллы;строительные материалы;;;;;
доломит (известь строительная);неметаллы;строительные материалы;тыс.куб.м;;;;
доломит (карбонатное сырье для извести);неметаллы;строительные материалы;тыс.куб.м;;;;
доломит (карбонатное сырье для извести, строительные камни);неметаллы;строительные материалы;;;;;
доломит (карбонатное сырье);неметаллы;строительные материалы;тыс.куб.м;;;;
доломит (минеральная вата);неметаллы;строительные материалы;тыс.куб.м;;;;
доломит (наполнители бетона);неметаллы;строительные материалы;;;;;
доломит (облицовочные камни);неметаллы;строительные материалы;тыс.куб.м;;;;
доломит (облицовочные камни, поделочные камни);неметаллы;строительные материалы;;;;;
доломит (огнеупорные материалы);неметаллы;строительные материалы;тыс.т;;;;
доломит (поделочный);неметаллы;строительные материалы;тыс.куб.м;;;;
доломит (строительное сырье);неметаллы;строительные материалы;тыс.куб.м;;;;
доломит (строительные камни);неметаллы;строительные материалы;тыс.куб.м;;;;
доломит (флюс);неметаллы;флюс;тыс.т;;;;
доломит (флюсы);неметаллы;флюс;тыс.т;;;;
доломит выветрелый средней прочности;неметаллы;строительные материалы;;;;;
доломит известковистый;неметаллы;строительные материалы;;;;;
доломит огнеупорный;неметаллы;строительные материалы;тыс.куб.м;;;;
драгоценные и поделочные камни;неметаллы;поделочные камни;кг;;;;Драгоценные и поделочные камни
жадеит;неметаллы;поделочные камни;;;жадеит;Цветные камни;Драгоценные и поделочные камни
железные руды;металлы;Черные металлы;тыс.т;Черные металлы;железные руды;Железные руды;Черные металлы
железо;металлы;Черные металлы;тыс.т;Черные металлы;железные руды;Железные руды;Черные металлы
железо магнетитовое;металлы;Черные металлы;тыс.т;Черные металлы;железные руды;Железные руды;Черные металлы
золото коренное;благородные;золото рудное;кг;Благородные металлы;золото рудное;Золото;Благородные металлы
золото коренное и попутные компоненты;благородные;золото рудное;кг;;;;
золото открытая разработка;благородные;золото россыпное;кг;;;;
золото подземная отработка;благородные;золото рудное;кг;;;;
золото россыпное;благородные;золото россыпное;кг;Благородные металлы;золото россыпное;Золото;Благородные металлы
золото россыпное (непромышленное);благородные;золото россыпное;кг;Благородные металлы;золото россыпное;Золото;Благородные металлы
золото рудное;благородные;золото рудное;кг;Благородные металлы;золото рудное;Золото;Благородные металлы
золото рудное и рассыпное (делювиальные россыпи);благородные;золото рудное;кг;Благородные металлы;золото рудное;Золото;
золото рудное и сопутствующие полезные компоненты;благородные;золото рудное;кг;;;;
известняк;неметаллы;строительные материалы;тыс.т;;известняк;Карбонатное сырье для химической промышленности;Карбонатное сырье для химической промышленности
известняк (для целлюлоз.-бум.пром., карбонатное сырье для извести);неметаллы;строительные материалы;;;известняк;;
известняк (известкование почв);неметаллы;корма;тыс.т;;известняковые почвы;Карбонатные породы для подкормки животных и птиц;Карбонатные породы для подкормки животных и птиц
известняк (карбонатное сырье для извести);неметаллы;строительные материалы;тыс.куб.м;;известняк;Карбонатные породы для обжига на известь;Карбонатные породы для обжига на известь
известняк (карбонатное сырье для извести, наполнители бетона);неметаллы;строительные материалы;;;известняк;;
известняк (карбонатное сырье для извести, строительные камни);неметаллы;строительные материалы;;;известняк;;
известняк (карбонатное сырье для химической промышленности);неметаллы;строительные материалы;тыс.т;;известняк;;
известняк (карбонатное сырье);неметаллы;строительные материалы;тыс.куб.м;;известняк;;
известняк (мука известковая);неметаллы;строительные материалы;тыс.т;;известняк;;
известняк (наполнители бетона);неметаллы;строительные материалы;;;известняк;;
известняк (подкормка минеральная);неметаллы;строительные материалы;тыс.т;;известняк;;
известняк (строительные камни);неметаллы;строительные материалы;тыс.куб.м;;известняк;;
известняк (флюс);неметаллы;флюс;тыс.т;;флюс;;
известняк (флюсы);неметаллы;флюс;тыс.т;;флюс;;
известняк (химсырье);неметаллы;химическое сырье;тыс.т;;известняк химсырье;Карбонатное сырье для химической промышленности;
известняк (цем. сырье - карбонат. компоненты);неметаллы;строительные материалы;тыс.т;Минерально-строительное сырье;цемент;Цементное сырье;
известняк (цементное сырье);неметаллы;строительные материалы;тыс.т;Минерально-строительное сырье;цемент;Цементное сырье;
известняк доломитизир.;неметаллы;строительные материалы;тыс.т;Минерально-строительное сырье;известняк;Строительные камни;
известняк доломитизированный;неметаллы;строительные материалы;;Горнотехническое сырье;известняк;;
известняк доломитизированный (для целлюлоз.-бум.пром., карбонатное сырье для извести);неметаллы;строительные материалы;;Горнотехническое сырье;известняк;;
известняк доломитизированный (карбонатное сырье для извести);неметаллы;строительные материалы;тыс.куб.м;Горнотехническое сырье;известняк;;
известняк кремнистый;неметаллы;строительные материалы;;Горнотехническое сырье;известняк;;
известняк кремнистый (карбонатное сырье для извести);неметаллы;строительные материалы;;Горнотехническое сырье;известняк;;
известняк кремнистый (карбонатное сырье);неметаллы;строительные материалы;;Горнотехническое сырье;известняк;;
известняк кремнистый (цем. сырье - карбонат. компоненты);неметаллы;строительные материалы;;Горнотехническое сырье;известняк;Цементное сырье;
известняк кристаллический;неметаллы;строительные материалы;;Горнотехническое сырье;известняк;;
известняк мергелистый;неметаллы;строительные материалы;тыс.т;Горнотехническое сырье;известняк;;
известняк мраморизованный;неметаллы;строительные материалы;тыс.т;Горнотехническое сырье;известняк;;
известняк мраморизованный (карбонатное сырье для извести);неметаллы;строительные материалы;тыс.куб.м;Горнотехническое сырье;известняк;;
известняк мраморизованный (строительные камни);неметаллы;строительные материалы;;Горнотехническое сырье;известняк;;
известняк мраморизованный доломитизированный;неметаллы;строительные материалы;тыс.куб.м;Горнотехническое сырье;известняк;;
известняк слабодоломитизированный;неметаллы;строительные материалы;тыс.куб.м;Горнотехническое сырье;известняк;;
известняк флюсовый;неметаллы;флюс;тыс.т;Горнотехническое сырье;известняк;;
известняк чистый;неметаллы;строительные материалы;;Горнотехническое сырье;известняк;;
известняк чистый (карбонатное сырье для инертной пыли);неметаллы;строительные материалы;;Горнотехническое сырье;известняк;;
известняк чистый (карбонатное сырье для химической промышленности);неметаллы;строительные материалы;;Горнотехническое сырье;известняк химсырье;Карбонатное сырье для химической промышленности;
ильменит;металлы;Цветные металлы;тыс.т;Цветные металлы;ильменит;Титан;Цветные металлы
индий;металлы;Рассеянные элементы;т;Рассеянные элементы;индий;Рассеянные элементы;Рассеянные элементы
иридий;металлы;Благородные металлы;кг;Благородные металлы;иридий;Платиноиды;Благородные металлы
исландский шпат;неметаллы;горно-техническое сырье;кг;Горнотехническое сырье;;Пьезооптическое сырье;
итербий;металлы;Редкие металлы;тыс.т;Редкие металлы;иттербий;Редкоземельные металлы;Редкие металлы
иттербий;металлы;Редкие металлы;тыс.т;Редкие металлы;иттербий;Редкоземельные металлы;Редкие металлы
иттрий;металлы;Редкие металлы;тыс.т;Редкие металлы;иттрий;Редкоземельные металлы;Редкие металлы
кадмий;металлы;Цветные металлы;т;Цветные металлы;кадмий;Кадмий;Цветные металлы
калийные соли ;неметаллы;соли;тыс.т;;;;
кальцит;неметаллы;горно-техническое сырье;кг;Горнотехническое сырье;;Пьезооптическое сырье;
кальцит оптический;неметаллы;горно-техническое сырье;кг;Горнотехническое сырье;;Пьезооптическое сырье;
кальцит оптический (оптическое сырье);неметаллы;горно-техническое сырье;кг;Горнотехническое сырье;;Пьезооптическое сырье;
кальцифир (строительные камни);неметаллы;строительные материалы;;;;;
каменный уголь;уголь;уголь;тыс.т;Твердые горючие полезные ископаемые;уголь каменный;Уголь;Твердые горючие полезные ископаемые
камень гипсовый;неметаллы;строительные материалы;;;;;
камень облицовочный;неметаллы;строительные материалы;;;;;
камни облицовочные;неметаллы;строительные материалы;тыс.куб.м;;;;
камни поделочные;неметаллы;поделочные камни;т;;;;
камни точильные;неметаллы;камни точильные;тыс.куб.м;;;;
каолин;неметаллы;глина;тыс.т;;;;
каолин (керамика тонкая);неметаллы;глина;;;;;
карбонатит;неметаллы;строительные материалы;тыс.т;;;;
карбонатит кальцитовый;неметаллы;строительные материалы;;;;;
карбонатит кальцитовый (карбонатное сырье для извести);неметаллы;строительные материалы;тыс.куб.м;;;;
карбонатит стронций-бариевый (для металлургии);неметаллы;карбонатит;;;;;
карбонатное сырье для извести;неметаллы;строительные материалы;тыс.куб.м;;;;
карбонатные породы;неметаллы;строительные материалы;тыс.т;;;;
карбонатные породы (строительные камни);неметаллы;строительные материалы;тыс.куб.м;;;;
кварц;неметаллы;кварц и кварцит;тыс.т;;;;
кварц (горный хрусталь);неметаллы;кварц и кварцит;кг;;;;
кварц (керамика тонкая);неметаллы;кварц и кварцит;т;;;;
кварц (керамич. сырье);неметаллы;строительные материалы;;;;;
кварц гранулированный;неметаллы;кварц и кварцит;кг;;;;
кварц жильный;неметаллы;кварц и кварцит;кг;;;;
кварц керамический;неметаллы;кварц и кварцит;;;;;
кварц оптический;неметаллы;кварц и кварцит;кг;;;;
кварц пылевидный;неметаллы;кварц и кварцит;кг;;;;
кварц пьезооптический;неметаллы;кварц и кварцит;кг;;;;
кварц пьезоэлектрический;неметаллы;кварц и кварцит;кг;;;;
кварц стекольный;неметаллы;строительные материалы;кг;;;;
кварцевое сырье;неметаллы;кварц и кварцит;тыс.т;;;;
кварцевые порфиры;неметаллы;строительные материалы;тыс.куб.м;Минерально-строительное сырье;порфирит;Строительные камни;
кварцевый диорит;неметаллы;строительные материалы;;;;;
кварцит;неметаллы;кварц и кварцит;кг;;кварцит;;
кварцит (абразивы);неметаллы;абразивы;кг;;кварцит;;
кварцит (для металлургии);неметаллы;кварц и кварцит;кг;;кварцит;;
кварцит (для производства ферросплавов);неметаллы;кварц и кварцит;т;;кварцит;;
кварцит (кварцсодержащее металлургическое сырье);неметаллы;кварц и кварцит;т;;кварцит;;
кварцит (огнеупорные материалы);неметаллы;кварц и кварцит;т;;кварцит;;
кварцит (строительные камни);неметаллы;строительные материалы;т;;кварцит;;
кварцит абразивный;неметаллы;абразивы;;;кварцит;;
кварцит вторичн. абразивный;неметаллы;кварц и кварцит;т;;кварцит;;
кварцит вторичный;неметаллы;абразивы;т;;кварцит;;
кварцит вторичный (абразивы);неметаллы;абразивы;т;;кварцит;;
керамзитовое сырье;неметаллы;глина;;;;;
кианит;неметаллы;поделочные камни;;;;;
кислые интрузивные породы;неметаллы;строительные материалы;тыс.куб.м;Минерально-строительное сырье;;Камни природные облицовочные;
кислые эффузивные породы;неметаллы;строительные материалы;тыс.куб.м;;;;
кобальт;металлы;Цветные металлы;т;Цветные металлы;кобальт;Кобальт;Цветные металлы
коллекционные материалы;неметаллы;поделочные камни;;;;;
конгломерат;неметаллы;строительные материалы;тыс.куб.м;;песчано-гравийные смеси;Минерально-строительное сырье;
конгломерат (строительное сырье);неметаллы;строительные материалы;тыс.куб.м;;песчано-гравийные смеси;Минерально-строительное сырье;
кордиерит;неметаллы;поделочные камни;т;;;;
корунд;неметаллы;абразивы;тыс.т;Горно-техническое сырье;корунд;Абразивы;Горно-техническое сырье
корунд и наждак;неметаллы;абразивы;тыс.т;Горно-техническое сырье;корунд и наждак;Абразивы;Горно-техническое сырье
кремень;неметаллы;абразивы;тыс.т;Горно-техническое сырье;кремень;Абразивы;Горно-техническое сырье
кремень (ювелирно-поделочные камни);неметаллы;поделочные камни;;;;;
кристаллический известняк;неметаллы;строительные материалы;тыс.куб.м;Горнотехническое сырье;;;
ксенотим;неметаллы;поделочные камни;тыс.т;;;;
лазурит;неметаллы;поделочные камни;кг;;лазурит;Цветные камни;Драгоценные и поделочные камни
лазурит (ювелирное сырье);неметаллы;поделочные камни;кг;;лазурит;Цветные камни;Драгоценные и поделочные камни
лазурит (ювелирно-поделочные камни);неметаллы;поделочные камни;кг;;лазурит;Цветные камни;Драгоценные и поделочные камни
лампрофир;неметаллы;строительные материалы;;;;;
лантан;металлы;Редкие металлы;тыс.т;Редкие металлы;лантан;Редкоземельные металлы;Редкие металлы
липарит;неметаллы;строительные материалы;тыс.куб.м;;;;
литий;металлы;Редкие металлы;тыс.т;Редкие металлы;литий;Литий;Редкие металлы
магматические породы;неметаллы;строительные материалы;тыс.куб.м;;;;
магнезит;неметаллы;строительные материалы;тыс.т;Горнотехническое сырье;магнезит;Магнезит;
магнезит (огнеупорные материалы);неметаллы;строительные материалы;тыс.т;Горнотехническое сырье;магнезит;Магнезит;
магнезит кристаллический (огнеупорные материалы);неметаллы;строительные материалы;тыс.т;Горнотехническое сырье;магнезит;Магнезит;
магнезит оталькованный (огнеупорные материалы);неметаллы;строительные материалы;тыс.т;Горнотехническое сырье;магнезит;Магнезит;
магний;металлы;Цветные металлы;;;;;
марганцевые руды;металлы;Черные металлы;тыс.т;Черные металлы;марганцевые руды;Марганцевые руды;Черные металлы
медистые песчанники;металлы;Цветные металлы;;;;;
медь;металлы;Цветные металлы;тыс.т;Цветные металлы;медь;Медь ;Цветные металлы
мергель;неметаллы;строительные материалы;тыс.куб.м;;;;
металлы платиновой группы;благородные;платиноиды;кг;;;;
метаморфические породы;неметаллы;строительные материалы;;;;;
метаморфические породы (щебень);неметаллы;строительные материалы;тыс.куб.м;;;;
метапорфирит;неметаллы;строительные материалы;;Минерально-строительное сырье;порфирит;Строительные камни;
метапорфириты;неметаллы;строительные материалы;тыс.куб.м;Минерально-строительное сырье;порфирит;Строительные камни;
метасоматиты (облицовочные);неметаллы;строительные материалы;;;;Камни природные облицовочные;
мигматит;неметаллы;строительные материалы;;;;;
мигматит (балластное сырье);неметаллы;строительные материалы;;;;;
мигматит (балластное сырье, строительные камни);неметаллы;строительные материалы;;;;;
микроклин;неметаллы;строительные материалы;т;;;;
микроклин (полевошпатовое сырье);неметаллы;горно-техническое сырье;т;Горнотехническое сырье;;Полевошпатовое сырье;
минеральные краски;неметаллы;краски;;Минерально-строительное сырье;краски;Минеральные краски;
мирабилит;неметаллы;соли;тыс.т;;;;
молибден;металлы;Цветные металлы;т;Цветные металлы;молибден;Молибден;Цветные металлы
монацит;неметаллы;поделочные камни;т;;;;
морион;неметаллы;поделочные камни;;;морион;Цветные камни;Драгоценные и поделочные камни
мрамор;неметаллы;строительные материалы;;;;;
мрамор (известняки);неметаллы;строительные материалы;тыс.куб.м;Горнотехническое сырье;известняк;;
мрамор (облицовочные камни);неметаллы;строительные материалы;тыс.куб.м;;;;
мрамор (строительные камни);неметаллы;строительные материалы;тыс.куб.м;;;;
мрамор (флюсы);неметаллы;строительные материалы;;;;;
мрамор (флюсы, цем. сырье - карбонат. компоненты);неметаллы;строительные материалы;;Минерально-строительное сырье;цемент;Цементное сырье;
мрамор (цем. сырье - карбонат. компоненты);неметаллы;строительные материалы;тыс.куб.м;Минерально-строительное сырье;цемент;Цементное сырье;
мрамор (цементное сырье);неметаллы;строительные материалы;тыс.т;Минерально-строительное сырье;цемент;Цементное сырье;
мрамор (щебень);неметаллы;строительные материалы;тыс.куб.м;;;;
мрамор доломитовый;неметаллы;строительные материалы;тыс.куб.м;;;;
мрамор доломитовый (наполнители бетона);неметаллы;строительные материалы;тыс.куб.м;;;;
мрамор кальцитовый;неметаллы;строительные материалы;;;;;
мрамор кальцитовый (цем. сырье - карбонат. компоненты);неметаллы;строительные материалы;тыс.т;Минерально-строительное сырье;цемент;Цементное сырье;
мрамор розовый;неметаллы;строительные материалы;;;;;
мрамор розовый (облицовочные камни);неметаллы;строительные материалы;тыс.куб.м;;;;
мраморный оникс;неметаллы;поделочные камни;т;;;;
мумие;неметаллы;мумие;кг;;;;
мумия;неметаллы;краски;тыс.т;Минерально-строительное сырье;мумия;Минеральные краски;
мумия (краски);неметаллы;краски;;Минерально-строительное сырье;мумия;Минеральные краски;
мусковит;неметаллы;слюды;т;;;;
мусковит заб. сырец;неметаллы;слюды;т;;;;
мусковит заб. сырец м/зерн.;неметаллы;слюды;т;;;;
мусковит заб. сырец мелкозернистый;неметаллы;слюды;т;;;;
мусковит заб. сырец микрозернистый;неметаллы;слюды;т;;;;
мусковит заб.сырец листовой;неметаллы;слюды;т;;;;
мусковит забойный сырец;неметаллы;слюды;т;;;;
мусковит листовой забойный сырец;неметаллы;слюды;т;;;;
мусковит мелкоразмерный забойный сырец;неметаллы;слюды;т;;;;
мышьяк;металлы;Цветные металлы;т;Цветные металлы;мышьяк;Мышьяк;Цветные металлы
нефелин;неметаллы;металлы;млн.т;;;;
нефрит;неметаллы;поделочные камни;т;;нефрит;Цветные камни;Драгоценные и поделочные камни
никель;металлы;Цветные металлы;тыс.т;Цветные металлы;никель;Никель;Цветные металлы
ниобий;металлы;Редкие металлы;тыс.т;Редкие металлы;ниобий;Ниобий;Редкие металлы
облицовочный камень;неметаллы;строительные материалы;тыс.куб.м;;;;
облицовочный материал;неметаллы;строительные материалы;тыс.куб.м;;;;
оксид калия;металлы;химическое сырье;;Горно-химическое сырье;оксид калия;Соли калийные;Горно-химическое сырье
олово;металлы;Цветные металлы;т;Цветные металлы;олово;Олово;Цветные металлы
олово россыпное;металлы;Цветные металлы;т;Цветные металлы;олово россыпное;Олово;Цветные металлы
оникс;неметаллы;поделочные камни;т;;оникс;Цветные камни;Драгоценные и поделочные камни
оникс мраморный;неметаллы;поделочные камни;т;;оникс мраморный;Цветные камни;Драгоценные и поделочные камни
оптический кальцит;неметаллы;горно-техническое сырье;кг;Горнотехническое сырье;;Пьезооптическое сырье;
оптический флюорит;неметаллы;горно-техническое сырье;кг;Горнотехническое сырье;;Пьезооптическое сырье;
осмий;металлы;Благородные металлы;кг;Благородные металлы;осмий;Платиноиды;Благородные металлы
основные  эффузивные породы;неметаллы;строительные материалы;;;;;
офикальцит;неметаллы;поделочные камни;тыс.т;;офиокальцит;Цветные камни;Драгоценные и поделочные камни
офиокальцит;неметаллы;поделочные камни;тыс.т;;офиокальцит;Цветные камни;Драгоценные и поделочные камни
офиокальцит (облицовочные камни);неметаллы;строительные материалы;т;Минерально-строительное сырье;офиокальцит;Камни природные облицовочные;Минерально-строительное сырье
офиокальцит (облицовочные камни, поделочные камни);неметаллы;строительные материалы;т;;;;Драгоценные и поделочные камни
офиокальцит (облицовочные камни, ювелирно-поделочные камни);неметаллы;строительные материалы;т;;;;Драгоценные и поделочные камни
офиокальцит (поделочные камни);неметаллы;строительные материалы;т;;офиокальцит;Цветные камни;Драгоценные и поделочные камни
офиокальцит (ювелирно-поделочное сырье);неметаллы;строительные материалы;т;;офиокальцит;Цветные камни;Драгоценные и поделочные камни
офиокальцит (ювелирно-поделочные камни);неметаллы;строительные материалы;т;;офиокальцит;Цветные камни;Драгоценные и поделочные камни
охра;неметаллы;краски;тыс.т;Минерально-строительное сырье;охра;Минеральные краски;
охра (краски);неметаллы;краски;тыс.т;Минерально-строительное сырье;охра;Минеральные краски;
охра, мумия;неметаллы;краски;;Минерально-строительное сырье;охра;Минеральные краски;
палладий;металлы;Благородные металлы;кг;Благородные металлы;палладий;Платиноиды;Благородные металлы
пегматит;неметаллы;строительные материалы;тыс.куб.м;;пегматит;;
пегматит (керамика тонкая);неметаллы;строительные материалы;тыс.куб.м;;пегматит;;
пегматит (полевошпатовое сырье);неметаллы;горно-техническое сырье;;Горнотехническое сырье;полевой шпат;Полевошпатовое сырье;
пегматит гранитный;неметаллы;строительные материалы;;;пегматит;;
пегматит графический;неметаллы;поделочные камни;;;пегматит графический;Цветные камни;Драгоценные и поделочные камни
пегматит керамический;неметаллы;строительные материалы;;Горно-техническое сырье;пегматит;Строительные камни;
пегматит микроклиновый;неметаллы;горно-техническое сырье;тыс.т;Горно-техническое сырье;полевой шпат;Полевошпатовое сырье;
пегматит микроклиновый (полевошпатовое сырье);неметаллы;горно-техническое сырье;т;Горно-техническое сырье;полевой шпат;Полевошпатовое сырье;
перлит;неметаллы;строительные материалы;;;;;
перовскит;неметаллы;металлы;;;;;
пески кварцевые;неметаллы;абразивы;тыс.т;;;;
пески керамические;неметаллы;строительные материалы;тыс.куб.м;;;;
пески стекольные;неметаллы;строительные материалы;тыс.т;;;;
пески строительные;неметаллы;строительные материалы;;;;;
пески формовочные;неметаллы;строительные материалы;тыс.т;;;;
песок;неметаллы;строительные материалы;тыс.т;;;;
песок ( строительные растворы);неметаллы;строительные материалы;;;;;
песок (балластное сырье);неметаллы;строительные материалы;тыс.куб.м;;;;
песок (для песочниц локомотивов);неметаллы;строительные материалы;тыс.куб.м;;;;
песок (кирпично-черепичное сырье);неметаллы;строительные материалы;тыс.куб.м;Минерально-строительное сырье;песок;Кирпично-черепичное сырье;
песок (наполнители бетона);неметаллы;строительные материалы;тыс.куб.м;;;;
песок (наполнители бетона, строительные растворы);неметаллы;строительные материалы;;;;;
песок (огнеупорные материалы);неметаллы;строительные материалы;тыс.куб.м;;;;
песок (отсев);неметаллы;строительные материалы;тыс.куб.м;;;;
песок (отсев) (балластное сырье);неметаллы;строительные материалы;;;;;
песок (отсев) (балластное сырье, наполнители бетона);неметаллы;строительные материалы;;;;;
песок (отсев) (балластное сырье, строительное сырье);неметаллы;строительные материалы;;;;;
песок (отсев) (дорожное строительство, наполнители бетона);неметаллы;строительные материалы;;;;;
песок (отсев) (дорожное строительство, наполнители бетона, строительные материалы);неметаллы;строительные материалы;;;;;
песок (отсев) (дорожное строительство, строительные растворы);неметаллы;строительные материалы;;;;;
песок (отсев) (наполнители бетона);неметаллы;строительные материалы;;;;;
песок (отсев) (наполнители бетона, строительные камни);неметаллы;строительные материалы;;;;;
песок (отсев) (наполнители бетона, строительные растворы);неметаллы;строительные материалы;;;;;
песок (отсев) (строительное сырье);неметаллы;строительные материалы;;;;;
песок (отсев) (строительные материалы);неметаллы;строительные материалы;;;;;
песок (отсев) (строительные материалы, наполнители бетона);неметаллы;строительные материалы;;;;;
песок (отсев) (строительные растворы);неметаллы;строительные материалы;;;;;
песок (природный) (строительные растворы);неметаллы;строительные материалы;;;;;
песок (силикатное сырье);неметаллы;строительные материалы;тыс.куб.м;;;;
песок (силикатные изделия);неметаллы;строительные материалы;тыс.куб.м;;;;
песок (силикатные изделия, строительные растворы);неметаллы;строительные материалы;;;;;
песок (стекольное сырье кварцсодержащее);неметаллы;строительные материалы;;;;;
песок (стекольное сырье кварцсодержащее, формовочные материалы);неметаллы;строительные материалы;;;;;
песок (стекольное сырье);неметаллы;строительные материалы;тыс.т;;;;
песок (строительное сырье);неметаллы;строительные материалы;тыс.куб.м;;;;
песок (строительные материалы);неметаллы;строительные материалы;;;;;
песок (строительные раствор;неметаллы;строительные материалы;;;;;
песок (строительные растворы);неметаллы;строительные материалы;тыс.куб.м;;;;
песок (формовочные материалы);неметаллы;строительные материалы;тыс.т;;;;
песок (цем. сырье - корректир. добавки);неметаллы;строительные материалы;тыс.т;Минерально-строительное сырье;цемент;Цементное сырье;
песок глинистый;неметаллы;строительные материалы;;;;;
песок глинистый (силикатное сырье);неметаллы;строительные материалы;тыс.куб.м;;;;
песок глинистый (силикатные изделия);неметаллы;строительные материалы;;;;;
песок дроблёный (наполнители бетона);неметаллы;строительные материалы;;;;;
песок кварцевый;неметаллы;строительные материалы;;;;;
песок кварцевый (карбонатное сырье для химической промышленности);неметаллы;строительные материалы;;;;;
песок кварцевый (силикатное сырье);неметаллы;строительные материалы;тыс.куб.м;;;;
песок кварцевый (силикатные изделия);неметаллы;строительные материалы;;;;;
песок кварцевый (стекольное сырье кварцсодержащее);неметаллы;строительные материалы;;;;;
песок кварцевый (стекольное сырье кварцсодержащее, формовочные материалы);неметаллы;строительные материалы;;;;;
песок кварцевый (стекольное сырье);неметаллы;строительные материалы;тыс.т;;;;
песок кварцевый (формовочные материалы);неметаллы;строительные материалы;тыс.т;;;;
песок керамический;неметаллы;строительные материалы;;;;;
песок мелкозернистый;неметаллы;строительные материалы;тыс.куб.м;;;;
песок стекольный;неметаллы;строительные материалы;тыс.т;;;;
песок строительный;неметаллы;строительные материалы;тыс.куб.м;;;;
песок строительный (наполнители бетона);неметаллы;строительные материалы;тыс.куб.м;;;;
песок тонкозернистый (наполнители бетона, строительные растворы);неметаллы;строительные материалы;;;;;
песок формовочный;неметаллы;строительные материалы;тыс.т;;;;
песок элювиальный;неметаллы;строительные материалы;;;;;
песчаник;неметаллы;строительные материалы;;;;;
песчаник (абразивы);неметаллы;абразивы;тыс.т;;;;
песчаник (наполнители бетона);неметаллы;строительные материалы;тыс.куб.м;;;;
песчаник (силикатные изделия);неметаллы;строительные материалы;;;;;
песчаник (строительное сырье);неметаллы;строительные материалы;тыс.куб.м;;;;
песчаник (строительные камни);неметаллы;строительные материалы;тыс.куб.м;;;;
песчаник (строительные материалы);неметаллы;строительные материалы;тыс.куб.м;;;;
песчаник кварцевый;неметаллы;строительные материалы;тыс.куб.м;;;;
песчаник кварцитовидный;неметаллы;строительные материалы;;;кварцит;;
песчаник мелкозернистый (строительные материалы);неметаллы;строительные материалы;;;;;
песчано-гравийная смесь;неметаллы;строительные материалы;тыс.куб.м;;;;
песчано-гравийно-валунные отложения;неметаллы;строительные материалы;тыс.куб.м;;;;
песчано-гравийно-валунный материал;неметаллы;строительные материалы;;;;;
песчано-гравийно-валунный материал (для отсыпки дорог);неметаллы;строительные материалы;тыс.куб.м;;;;
песчано-гравийно-валунный материал (строительное сырье);неметаллы;строительные материалы;тыс.куб.м;;;;
песчано-гравийные отложения;неметаллы;строительные материалы;тыс.куб.м;;;;
песчано-гравийный материал;неметаллы;строительные материалы;тыс.куб.м;;;;
песчано-гравийный материал (асфальтовые растворы);неметаллы;строительные материалы;тыс.куб.м;;;;
песчано-гравийный материал (балластное сырье;неметаллы;строительные материалы;;;;;
песчано-гравийный материал (балластное сырье);неметаллы;строительные материалы;тыс.куб.м;;;;
песчано-гравийный материал (балластное сырье, наполнители бетона);неметаллы;строительные материалы;;;;;
песчано-гравийный материал (балластное сырье, наполнители бетона, строительные камни);неметаллы;строительные материалы;;;;;
песчано-гравийный материал (балластное сырье, наполнители бетона, строительные растворы);неметаллы;строительные материалы;;;;;
песчано-гравийный материал (дорожное строительство);неметаллы;строительные материалы;тыс.куб.м;;;;
песчано-гравийный материал (дорожное строительство, наполнители бетона);неметаллы;строительные материалы;;;;;
песчано-гравийный материал (дорожное строительство, строительные растворы);неметаллы;строительные материалы;;;;;
песчано-гравийный материал (наполнители бетона;неметаллы;строительные материалы;;;;;
песчано-гравийный материал (наполнители бетона);неметаллы;строительные материалы;тыс.куб.м;;;;
песчано-гравийный материал (наполнители бетона, строительные камни);неметаллы;строительные материалы;;;;;
песчано-гравийный материал (наполнители бетона, строительные растворы);неметаллы;строительные материалы;;;;;
песчано-гравийный материал (строительное сырье);неметаллы;строительные материалы;тыс.куб.м;;;;
песчано-гравийный материал (строительные материалы);неметаллы;строительные материалы;;;;;
песчано-гравийный материал (строительные материалы, наполнители бетона);неметаллы;строительные материалы;;;;;
песчано-гравийный материал гравий-отсев (наполнители бетона);неметаллы;строительные материалы;;;;;
петровскит;неметаллы;металлы;;;;;
пирит;неметаллы;химическое сырье;;Горно-химическое сырье;пирит;;
пироп;неметаллы;поделочные камни;;;;;
пирротин;неметаллы;металлы;;;железные руды;;
плавиковый шпат;неметаллы;плавиковый шпат;тыс.т;;плавиковый шпат;;
плавиковый шпат (флюорит);неметаллы;плавиковый шпат;тыс.т;Горнохимическое сырье;плавиковый шпат;Плавиковый шпат;
плавиковый шпат (флюорит) (флюсы);неметаллы;плавиковый шпат;тыс.т;Горнохимическое сырье;плавиковый шпат;Плавиковый шпат;
платина;благородные;платиноиды;кг;Благородные металлы;платина;Платиноиды;Благородные металлы
поделочная окаменелая древесина;неметаллы;поделочные камни;;;поделочная окаменелая древесина;;
поделочные камни;неметаллы;поделочные камни;т;;поделочные камни;;
полевой шпат;неметаллы;горно-техническое сырье;тыс.т;Горно-техническое сырье;полевой шпат;Полевошпатовое сырье;
полевой шпат (полевошпатовое сырье);неметаллы;горно-техническое сырье;;Горно-техническое сырье;полевой шпат;Полевошпатовое сырье;
полевошпатовое сырье;неметаллы;горно-техническое сырье;;Горно-техническое сырье;полевой шпат;Полевошпатовое сырье;
полировочные и точильные камни;неметаллы;камни точильные;;;полировочные и точильные камни;;
порфир;неметаллы;строительные материалы;тыс.куб.м;Минерально-строительное сырье;порфирит;Строительные камни;
порфир кварцевый;неметаллы;строительные материалы;;Минерально-строительное сырье;порфирит;Строительные камни;
порфирит;неметаллы;строительные материалы;тыс.куб.м;Минерально-строительное сырье;порфирит;Строительные камни;
порфирит андезибазальтовый;неметаллы;строительные материалы;;Минерально-строительное сырье;порфирит;Строительные камни;
порфирит андезитобазальтовый;неметаллы;строительные материалы;тыс.куб.м;Минерально-строительное сырье;порфирит;Строительные камни;
порфирит андезитовый;неметаллы;строительные материалы;;Минерально-строительное сырье;порфирит;Строительные камни;
порфирит дацитовый;неметаллы;строительные материалы;;Минерально-строительное сырье;порфирит;Строительные камни;
порфирит диоритовый;неметаллы;строительные материалы;;Минерально-строительное сырье;порфирит;Строительные камни;
пьезоэлектрическое сырье;неметаллы;кварц и кварцит;;;пьезоэлектрическое сырье;;
ракушка кормовая;неметаллы;корма;тыс.т;;ракушка кормовая;;
редкие земли;металлы;Редкие металлы;тыс.т;Редкие металлы;редкоземельные металлы;Редкоземельные металлы;Редкие металлы
редкие земли (цериевая группа);металлы;Редкие металлы;тыс.т;Редкие металлы;редкоземельные металлы;Редкоземельные металлы;Редкие металлы
редкие металлы;металлы;Редкие металлы;тыс.т;;редкие металлы;;
редкоземельные металлы;металлы;Редкие металлы;тыс.т;Редкие металлы;редкоземельные металлы;Редкоземельные металлы;Редкие металлы
рений;металлы;Рассеянные элементы;;Рассеянные элементы;рений;Рассеянные элементы;Рассеянные элементы
роговик;неметаллы;строительные материалы;тыс.куб.м;;роговик;;
родий;металлы;платиноиды;кг;Благородные металлы;родий;Платиноиды;Благородные металлы
родонит;неметаллы;поделочные камни;;;родонит;Цветные камни;Драгоценные и поделочные камни
розовый кварц;неметаллы;кварц и кварцит;;;розовый кварц;;
ртуть;металлы;Цветные металлы;т;Цветные металлы;ртуть;Ртуть;Цветные металлы
рубеллит;неметаллы;поделочные камни;кг;;рубеллит;;
рубидий;металлы;Рассеянные элементы;тыс.т;Рассеянные элементы;рубидий;Рассеянные элементы;Рассеянные элементы
рубин;неметаллы;поделочные камни;кг;;рубин;Цветные камни;Драгоценные и поделочные камни
рутений;металлы;платиноиды;кг;Благородные металлы;рутений;Платиноиды;Благородные металлы
сапропелит;уголь;уголь;тыс.куб.м;Твердые горючие полезные ископаемые;сапропелит;Сапропелит;Твердые горючие полезные ископаемые
сапропель;неметаллы;минеральные удобрения;тыс.куб.м;Горно-химическое сырье;сапропель;Сапропели;Горно-химическое сырье
свинец;металлы;Цветные металлы;тыс.т;Цветные металлы;свинец;Свинец;Цветные металлы
селен;неметаллы;рассеянные элементы;;Рассеянные элементы;селен;Рассеянные элементы;Рассеянные элементы
сера;неметаллы;металлы;тыс.т;;сера;;
сера пиритная;неметаллы;металлы;тыс.т;Горно-химическое сырье;сера;Сера в комплексных рудных месторождениях;
сера сульфидная;неметаллы;металлы;тыс.т;;сера;;
сердолик;неметаллы;поделочные камни;;;сердолик;Цветные камни;Драгоценные и поделочные камни
серебро;благородные;благородные;т;Благородные металлы;серебро;Серебро;Благородные металлы
сернокислый натрий;неметаллы;соли;;;сернокислый натрий;;
серпентин;неметаллы;поделочные камни;т, тыс.куб.м;;серпентинит;Змеевик (серпентин);Драгоценные и поделочные камни
сиенит;неметаллы;строительные материалы;тыс.куб.м;;сиенит;;
сиенит (облицовочные камни);неметаллы;строительные материалы;тыс.куб.м;;сиенит;;
сиенит кварцевый;неметаллы;строительные материалы;;;сиенит;;
сиенит-порфир;неметаллы;строительные материалы;;Минерально-строительное сырье;порфирит;Строительные камни;
сиенит-порфир (строительные камни);неметаллы;строительные материалы;тыс.куб.м;Минерально-строительное сырье;порфирит;Строительные камни;
силлиманит;неметаллы;металлы;тыс.т;Цветные металлы;алюминий;Высокоглиноземное сырье;
силлиманит (высокоглиноземистые материалы);неметаллы;металлы;тыс.т;Цветные металлы;алюминий;Высокоглиноземное сырье;
сильвин;неметаллы;соли;тыс.т;;сильвин;;
сильвинит;неметаллы;соли;;;сильвинит;;
скандий;металлы;Рассеянные элементы;тыс.т;Рассеянные элементы;скандий;Рассеянные элементы;Рассеянные элементы
сланец;неметаллы;строительные материалы;тыс.куб.м;Минерально-строительное сырье;сланцы;Строительные камни;
сланец (строительные камни);неметаллы;строительные материалы;;Минерально-строительное сырье;сланцы;Строительные камни;
сланцы;неметаллы;сланцы;;;сланцы;;
сланцы глинистые;неметаллы;строительные материалы;;;сланцы;;
сланцы горючие;неметаллы;сланцы;тыс.т;Твердые горючие полезные ископаемые;сланцы горючие;Сланцы горючие;Твердые горючие полезные ископаемые
сланцы кварц-серицитовые;неметаллы;сланцы;;;сланцы;;
сланцы кровельные;неметаллы;сланцы;тыс.куб.м;;сланцы;;
сланцы силлиманитовые;неметаллы;металлы;;Цветные металлы;алюминий;Высокоглиноземное сырье;
сланцы фосфатно-кремнистые;неметаллы;сланцы;;;сланцы;;
слюда-мусковит;неметаллы;слюды;т;;слюда-мусковит;;
сода;неметаллы;сода;;;сода;;
соли;неметаллы;соли;;;соли;;
соли калиевые;неметаллы;соли;тыс.т;;соли калийные;;
соли калийные;неметаллы;соли;тыс.т;;соли калийные;;
соли каменные;неметаллы;соли;;;соли каменные;;
соли карналитовые;неметаллы;соли;тыс.т;;соли карналитовые;;
соли натриевые;неметаллы;соли;тыс.т;;соли натриевые;;
соли натровые;неметаллы;соли;;;соли натриевые;;
соль;неметаллы;соли;тыс.т;;соль;;
соль каменная;неметаллы;соли;тыс.т;;соли каменные;;
соль поваренная;неметаллы;соли;тыс.т;;соль поваренная;;
соль поваренная (пищевая поваренная соль);неметаллы;соли;;;соль поваренная;;
соль поваренная (пищевая поваренная соль, технологические рассолы);неметаллы;соли;;;соль поваренная;;
соль поваренная каменная;неметаллы;соли;;;соль поваренная;;
соль сильвинитовая;неметаллы;соли;тыс.т;;соль сильвинитовая;;
средние интрузивные породы;неметаллы;строительные материалы;;Минерально-строительное сырье;средние интрузивные породы;Строительные камни;
средние эффузивные породы;неметаллы;строительные материалы;;;средние эффузивные породы;;
строительные материалы;неметаллы;строительные материалы;тыс.куб.м;;строительные материалы;;
стронцианит;неметаллы;стронций;тыс.т;Редкие металлы;стронцианит;Стронций ;Редкие металлы
стронций;металлы;Редкие металлы;тыс.т;Редкие металлы;стронций;Стронций ;Редкие металлы
суглинок;неметаллы;строительные материалы;тыс.т;;суглинки;;
суглинок (балластное сырье);неметаллы;глина;;;суглинки;;
суглинок (гидроизоляционные материалы);неметаллы;строительные материалы;тыс. куб.м;;суглинки;;
суглинок (для минеральной ваты);неметаллы;глина;;;суглинки;;
суглинок (закладка выемочного пространства);неметаллы;строительные материалы;тыс.т;;суглинки;;
суглинок (керамзитовое сырье);неметаллы;глина;тыс.куб.м;;суглинки;;
суглинок (керамзитовое сырье, кирпично-черепичное сырье);неметаллы;строительные материалы;;Минерально-строительное сырье;суглы кирпичные;Кирпично-черепичное сырье;
суглинок (кирпично-черепичное сырье);неметаллы;строительные материалы;тыс.куб.м;Минерально-строительное сырье;суглы кирпичные;Кирпично-черепичное сырье;
суглинок (кирпично-черепичное сырье, керамзитовое сырье);неметаллы;строительные материалы;;Минерально-строительное сырье;суглы кирпичные;Кирпично-черепичное сырье;
суглинок (минеральная вата);неметаллы;глина;тыс.куб.м;;суглинки;;
суглинок (цем. сырье - глинист. комп.);неметаллы;строительные материалы;тыс.т;Минерально-строительное сырье;цемент;Цементное сырье;
сульфат бария (барит);неметаллы;барит;тыс.т;;барит;;
сульфат натрия;неметаллы;соли;тыс.т;;сульфат натрия;;
супесь;неметаллы;строительные материалы;;;супесь;;
супесь (балластное сырье);неметаллы;строительные материалы;;;супесь;;
супесь (строительное сырье);неметаллы;строительные материалы;тыс.куб.м;;супесь;;
сурик;неметаллы;краски;тыс.т;Минерально-строительное сырье;сурик;Минеральные краски;
сурьма;металлы;Цветные металлы;т;Цветные металлы;сурьма;Сурьма;Цветные металлы
сыннырит;неметаллы;сыннырит;тыс.т;;сыннырит;Сыннырит;
сырье для каменного литья;неметаллы;строительные материалы;тыс.куб.м;;сырье для каменного литья;;
талий;металлы;Рассеянные элементы;;Рассеянные элементы;таллий;Рассеянные элементы;Рассеянные элементы
таллий;металлы;Рассеянные элементы;т;Рассеянные элементы;таллий;Рассеянные элементы;Рассеянные элементы
тальк;неметаллы;строительные материалы;тыс.т;;тальк;;
тальк (краски, для производства резины);неметаллы;тальк;тыс.т;;тальк;;
тальковый камень;неметаллы;строительные материалы;тыс.т;;тальковый камень;;
тальковый камень (керамика грубая);неметаллы;тальк;тыс.т;;тальковый камень;;
тантал;металлы;Редкие металлы;тыс.т;Редкие металлы;тантал;Тантал;Редкие металлы
теллур;металлы;Рассеянные элементы;т;Рассеянные элементы;теллур;Рассеянные элементы;Рассеянные элементы
титан;металлы;Цветные металлы;тыс.т;Цветные металлы;титан;Титан;Цветные металлы
титан коренной;металлы;Цветные металлы;тыс.т;Цветные металлы;титан;Титан;Цветные металлы
титан россыпной;металлы;Цветные металлы;тыс.т;Цветные металлы;титан россыпной;Титан;Цветные металлы
топаз;неметаллы;поделочные камни;кг;;топаз;Цветные камни;Драгоценные и поделочные камни
торий;металлы;Радиоактиные металлы;т;Радиоактиные металлы;торий;Торий;Радиоактиные металлы
торф;неметаллы;торф;тыс.куб.м;Твердые горючие полезные ископаемые;торф;Торф;Твердые горючие полезные ископаемые
торф (удобрения);неметаллы;торф;тыс.куб.м;Горно-химическое сырье;торф;Удобрения;Горно-химическое сырье
точильный камень;неметаллы;камни точильные;тыс.куб.м;;точильный камень;;
трахит;неметаллы;строительные материалы;тыс.куб.м;;трахит;;
турмалин;неметаллы;поделочные камни;кг;;турмалин;Цветные камни;Драгоценные и поделочные камни
турмалин цветной;неметаллы;поделочные камни;кг;;турмалин;Цветные камни;Драгоценные и поделочные камни
турмалин-сортовой;неметаллы;поделочные камни;кг;;турмалин;Цветные камни;Драгоценные и поделочные камни
турмалин-сырец;неметаллы;поделочные камни;кг;;турмалин;Цветные камни;Драгоценные и поделочные камни
туф;неметаллы;строительные материалы;тыс.куб.м;;туфы;;
туф (наполнители бетона);неметаллы;строительные материалы;тыс.куб.м;;туфы;;
туф (пильные камни);неметаллы;строительные материалы;тыс.куб.м;;туфы;;
туф (строительные камни);неметаллы;строительные материалы;тыс.куб.м;;туфы;;
туф (щебень) (наполнители бетона);неметаллы;строительные материалы;тыс.куб.м;;туфы;;
туф базальтовый;неметаллы;строительные материалы;;;туфы;;
туф витрокластический;неметаллы;строительные материалы;тыс.куб.м;;туфы;;
туф вулканический;неметаллы;строительные материалы;;;туфы;;
туф вулканический (наполнители бетона);неметаллы;строительные материалы;тыс.куб.м;;туфы;;
туфобрекчия;неметаллы;строительные материалы;тыс.куб.м;;брекчия;;
туфолава;неметаллы;строительные материалы;;;туфолава;;
туфолава (наполнитель  бетона);неметаллы;строительные материалы;тыс.куб.м;;туфолава;;
туфопесчаник;неметаллы;строительные материалы;тыс.куб.м;;туфопесчаник;;
туффит;неметаллы;строительные материалы;;;туффит;;
туфы;неметаллы;строительные материалы;тыс.куб.м;;туфы;;
туфы вулканические;неметаллы;строительные материалы;тыс.куб.м;;туфы;;
уголь;уголь;уголь;тыс.т;;уголь;;
уголь бурый;уголь;уголь;тыс.т;Твердые горючие полезные ископаемые;уголь бурый;Уголь;Твердые горючие полезные ископаемые
уголь каменный;уголь;уголь;тыс.т;Твердые горючие полезные ископаемые;уголь каменный;Уголь;Твердые горючие полезные ископаемые
уголь окисленный;уголь;уголь;тыс.т;Горно-химическое сырье;уголь окисленный;Удобрения;Горно-химическое сырье
уголь сапропелевый;уголь;уголь;тыс.куб.м;Твердые горючие полезные ископаемые;сапропелит;Сапропелит;Твердые горючие полезные ископаемые
умбра;неметаллы;краски;тыс.т;Минерально-строительное сырье;умбра;Минеральные краски;
уран;уран;радиоактивный металл;т;Радиоактиные металлы;уран;Уран;Радиоактиные металлы
флогопит;неметаллы;слюды;т;;флогопит;;
флогопит забойный сырец;неметаллы;слюды;;;флогопит;;
флюорит;неметаллы;плавиковый шпат;тыс.т;Горнохимическое сырье;плавиковый шпат;Плавиковый шпат;
флюорит (флюс);неметаллы;плавиковый шпат;тыс.т;Горнохимическое сырье;плавиковый шпат;Плавиковый шпат;
флюорит оптический;неметаллы;плавиковый шпат;кг;Горнохимическое сырье;плавиковый шпат;Плавиковый шпат;
фосфор;неметаллы;минеральные удобрения;тыс.т;;фосфор;;
фосфорит;неметаллы;минеральные удобрения;тыс.т;;фосфориты;;
фосфориты;неметаллы;фосфориты;;;фосфориты;;
халцедон;неметаллы;поделочные камни;т;;халцедон;Цветные камни;Драгоценные и поделочные камни
хризолит (ювелирные камни);неметаллы;поделочные камни;;;хризолит ;Цветные камни;Драгоценные и поделочные камни
хризотил асбест;неметаллы;строительные материалы;;Горно-техническое сырье;асбест;Асбест;
хром;металлы;Черные металлы;тыс.т;Черные металлы;хромовые руды;Хромовые руды;Черные металлы
хромдиопсид;неметаллы;поделочные камни;кг;;хромдиопсид;Цветные камни;Драгоценные и поделочные камни
хрусталь горный;неметаллы;кварц и кварцит;кг;;горный хрусталь;Пьезооптическое сырье;Драгоценные и поделочные камни
цезий;металлы;Рассеянные элементы;тыс.т;Рассеянные элементы;цезий;Рассеянные элементы;Рассеянные элементы
целестин;неметаллы;стронций;тыс.т;;целестин;;
цемент;неметаллы;строительные материалы;тыс.т;Минерально-строительное сырье;цемент;Цементное сырье;
цементное сырье;неметаллы;строительные материалы;тыс.т;Минерально-строительное сырье;цемент;Цементное сырье;
цеолит;неметаллы;цеолиты;тыс.т;;цеолиты;;
цеолитсодержащие туфы;неметаллы;цеолиты;тыс.т;;туфы;;
цеолиты;неметаллы;цеолиты;тыс.т;;цеолиты;;
церий;металлы;Редкие металлы;тыс.т;Редкие металлы;церий;Редкоземельные металлы;Редкие металлы
цинк;металлы;Цветные металлы;тыс.т;Цветные металлы;цинк;Цинк;Цветные металлы
циркон;неметаллы;поделочные камни;кг;;циркон;Цветные камни;Драгоценные и поделочные камни
цирконий;металлы;Редкие металлы;тыс.т;Редкие металлы;цирконий;Цирконий;Редкие металлы
чароит;неметаллы;поделочные камни;кг;;чароит;Цветные камни;Драгоценные и поделочные камни
шлак вулканический;неметаллы;строительные материалы;;;;;
шпинель;неметаллы;поделочные камни;кг;;шпинель;Цветные камни;Драгоценные и поделочные камни
щебень;неметаллы;строительные материалы;тыс.куб.м;;;;
щетки аметистовые;неметаллы;поделочные камни;;;;;
янтарь;неметаллы;поделочные камни;т;;янтарь;Цветные камни;Драгоценные и поделочные камни
яшма;неметаллы;поделочные камни;кг;;яшма;Цветные камни;Драгоценные и поделочные камни
яшмоиды;неметаллы;поделочные камни;кг;;яшмоиды;;
габбронорит;неметаллы;строительные материалы;;;;;
карбонатные породы (цементное сырье);неметаллы;строительные материалы;;Минерально-строительное сырье;цемент;Цементное сырье;
соли натриевые (галит);неметаллы;соли;тыс.т;;соли натриевые;;
алюминий (нефелин);металлы;алюминий;;Цветные металлы;алюминий;Нефелиновые руды;
алюминий из габброидов;металлы;алюминий;;Цветные металлы;алюминий;Нефелиновые руды;
алюминий нифелиновых сиенитов;металлы;алюминий;;Цветные металлы;алюминий;Нефелиновые руды;
амазонит (драгоценные и поделочные камни);неметаллы;поделочные камни;т;;амазонит;Цветные камни;Драгоценные и поделочные камни
аргиллит бентонитовый;неметаллы;строительные материалы;;Минерально-строительное сырье;аргиллит;;
аргиллит кирпично-черепичное сырье;неметаллы;строительные материалы;;Минерально-строительное сырье;аргиллит;Кирпично-черепичное сырье;
асбест родуситовый;неметаллы;строительные материалы;;Горно-техническое сырье;асбест;Асбест;
брекчия мраморная;неметаллы;строительные материалы;;Минерально-строительное сырье;брекчия;;
габбродиорит;неметаллы;строительные материалы;тыс.куб.м;Минерально-строительное сырье;габбро-диорит;Строительные камни;
глина цем. сырье - глинист. комп.;неметаллы;строительные материалы;;Минерально-строительное сырье;цемент;Цементное сырье;
глины кирпичные, черепичные и гончарные;неметаллы;строительные материалы;;Минерально-строительное сырье;глины кирпичные;Кирпично-черепичное сырье;
глины кирпичные,черепичные и гончарные;неметаллы;строительные материалы;;Минерально-строительное сырье;глины кирпичные;Кирпично-черепичное сырье;
граниты облицовочные;неметаллы;строительные материалы;;Минерально-строительное сырье;гранит;Строительные камни;
диопсид голубой;неметаллы;поделочные камни;;;диопсид;Цветные камни;
диориты (стр);неметаллы;строительные материалы;тыс.куб.м;Минерально-строительное сырье;диорит;Минерально-строительное сырье;
жадеит поделочные камни;неметаллы;поделочные камни;;;жадеит;;
жадеит сырец;неметаллы;поделочные камни;;;жадеит;;
железная руда;металлы;Черные металлы;тыс.т;Черные металлы;железные руды;Железные руды;
золото (гидромеханизированный);благородные;золото россыпное;кг;Благородные металлы;золото россыпное;Золото;
золото (открытый);благородные;золото россыпное;кг;Благородные металлы;золото россыпное;Золото;
известняк (стр);неметаллы;строительные материалы;тыс.куб.м;Горнотехническое сырье;известняк;Строительные камни;
известняк (флюс, хим. сырье);неметаллы;химическое сырье;;Горнотехническое сырье;флюс;;
известняк цем. сырье - карбонат. компоненты;неметаллы;строительные материалы;;Горнотехническое сырье;цемент;Цементное сырье;
камни поделочные и технические;неметаллы;поделочные камни;;;камни поделочные и технические;;
канкринит (драгоценные и поделочные камни);неметаллы;поделочные камни;;;канкринит;;
конгломерат (гравелит кварцевый);неметаллы;строительные материалы;тыс.куб.м;;песчано-гравийные смеси;Минерально-строительное сырье;
корунд (драгоценные и поделочные камни);неметаллы;поделочные камни;;;корунд;;
кремень родусит;неметаллы;поделочные камни;;;родусит;;
криолит;неметаллы;криолит;;;криолит;;
листвениты (поделочные камни);неметаллы;поделочные камни;;;лиственит;;
марганец;металлы;Черные металлы;тыс.т;Черные металлы;марганцевые руды;Марганцевые руды;Черные металлы
метасоматит;неметаллы;строительные материалы;;Минерально-строительное сырье;метасоматит;Камни природные облицовочные;
мирабилит (сульфат натрия);неметаллы;соли;тыс.т;;сульфат натрия;;
молибден общий;металлы;Цветные металлы;;Цветные металлы;молибден;;
монцонит;неметаллы;строительные материалы;тыс.куб.м;Минерально-строительное сырье;монцонит;;
мрамор для блоков;неметаллы;строительные материалы;;Минерально-строительное сырье;мрамор;Строительные камни;
мрамор для крошки;неметаллы;строительные материалы;;Минерально-строительное сырье;мрамор;Строительные камни;
мраморы (стр);неметаллы;строительные материалы;;Минерально-строительное сырье;мрамор;Строительные камни;
наждак;неметаллы;строительные материалы;;Горнотехническое сырье;наждак;;
нефрит (драгоценные и поделочные камни);неметаллы;поделочные камни;;;нефрит;;
нефрит сортовой;неметаллы;поделочные камни;;;нефрит;;
онколиты (поделочные камни);неметаллы;поделочные камни;;;онколит;;
основные интрузивные породы (стр);неметаллы;строительные материалы;;Минерально-строительное сырье;строительные материалы;Строительные камни;
пегматиты керамические;неметаллы;строительные материалы;;Минерально-строительное сырье;пегматит;;
пирит (хим. сырье);неметаллы;химическое сырье;;Горно-химическое сырье;пирит;;
пирротин (хим. сырье);неметаллы;металлы;;Черные металлы;железные руды;;
порфирит брекчия;неметаллы;строительные материалы;;Минерально-строительное сырье;порфирит;Строительные камни;
порфирит диабазовый;неметаллы;строительные материалы;;Минерально-строительное сырье;порфирит;Строительные камни;
роговик узорчатый;неметаллы;строительные материалы;тыс.куб.м;;роговик;;
родусит (минеральные краски);неметаллы;краски;;Минерально-строительное сырье;краски;Минеральные краски;
рубин (драгоценные и поделочные камни);неметаллы;поделочные камни;;;рубин;;
серпентинит (драгоценные и поделочные камни);неметаллы;поделочные камни;;;серпентинит;Змеевик (серпентин);Драгоценные и поделочные камни
сланец горючий;неметаллы;сланцы;тыс.т;Твердые горючие полезные ископаемые;сланцы горючие;Сланцы горючие;Твердые горючие полезные ископаемые
флюорит (хим. сырье);неметаллы;плавиковый шпат;;Горнохимическое сырье;плавиковый шпат;Плавиковый шпат;
бызальты;неметаллы;строительные материалы;;;базальт;;
гипс (для производства штукатурных смесей, гипсокартона, гипсоволокна);неметаллы;строительные материалы;;;гипс;;
глины;неметаллы;глина;;;;;
известняки;неметаллы;строительные материалы;тыс.т;Минерально-строительное сырье;известняк;Карбонатное сырье для химической промышленности;Карбонатное сырье для химической промышленности
камень строительный;неметаллы;строительные материалы;;Минерально-строительное сырье;строительные камни;Строительные камни;
кирпичные суглинки;неметаллы;строительные материалы;;Минерально-строительное сырье;суглы кирпичные;Кирпично-черепичное сырье;
песчано-гравийные материалы;неметаллы;строительные материалы;;Минерально-строительное сырье;песчано-гравийные смеси;;
серпентин поделочный;неметаллы;поделочные камни;;;серпентинит;Змеевик (серпентин);Драгоценные и поделочные камни
строительный камень;неметаллы;строительные материалы;;Минерально-строительное сырье;строительные камни;Строительные камни;
суглинки для производства кирпича;неметаллы;строительные материалы;;Минерально-строительное сырье;суглы кирпичные;Кирпично-черепичное сырье;
суглинки для строительства дамб, оснований дорог;неметаллы;строительные материалы;;Минерально-строительное сырье;суглинки;;
хромиты;металлы;Черные металлы;тыс.т;Черные металлы;хромовые руды;Хромовые руды;Черные металлы
хромовые руды;металлы;Черные металлы;тыс.т;Черные металлы;хромовые руды;Хромовые руды;Черные металлы
валунно-гравийно-песчаные отложения для пгс;неметаллы;строительные материалы;;Минерально-строительное сырье;песчано-гравийные смеси;;
алевролит на строительный камень;неметаллы;строительные материалы;;Минерально-строительное сырье;алевролит;;
альбитофир;неметаллы;строительные материалы;;Минерально-строительное сырье;порфирит;Строительные камни;
бурый железняк;металлы;Черные металлы;;Черные металлы;железные руды;Железные руды;
габбро на строительный камень;неметаллы;строительные материалы;;Минерально-строительное сырье;габбро;Строительные камни;
глина для керамзита;неметаллы;глина;;;глины кирпичные;;
глина для цемента;неметаллы;строительные материалы;;Минерально-строительное сырье;цемент;;
гранит на блочный камень;неметаллы;строительные материалы;;Минерально-строительное сырье;гранит;;
гранит на строительный камень;неметаллы;строительные материалы;;Минерально-строительное сырье;гранит;;
гранит на щебень;неметаллы;строительные материалы;;Минерально-строительное сырье;гранит;;
гранодиорит на строительный камень;неметаллы;строительные материалы;;Минерально-строительное сырье;гранидиорит;;
диорит на строительный камень;неметаллы;строительные материалы;;Минерально-строительное сырье;диорит;;
жадеит ювелирный;неметаллы;поделочные камни;;;жадеит;;
золото в хвостах;благородные;золто рудное;;Благородные металлы;золото рудное;Золото;
золото россыпн.;благородные;золото россыпное;;Благородные металлы;золото россыпное;Золото;
золото рудн.;благородные;золто рудное;;Благородные металлы;золото рудное;Золото;
известняк для цемента;неметаллы;строительные материалы;;Минерально-строительное сырье;известняк;Цементное сырье;
известняк на известь;неметаллы;строительные материалы;;Минерально-строительное сырье;известняк;;
известняк на строительный камень;неметаллы;строительные материалы;;Минерально-строительное сырье;известняк;;
кварцевый порфир;неметаллы;строительные материалы;тыс.куб.м;Минерально-строительное сырье;порфирит;Строительные камни;
кварцит на строительный камень;неметаллы;строительные материалы;;Минерально-строительное сырье;кварцит;;
микрокварцит на строительный камень;неметаллы;строительные материалы;;Минерально-строительное сырье;кварцит;;
мрамор на блочный камень;неметаллы;строительные материалы;;Минерально-строительное сырье;мрамор;;
мрамор на облицовочный камень;неметаллы;строительные материалы;;Минерально-строительное сырье;мрамор;;
песок для бетона;неметаллы;строительные материалы;;Минерально-строительное сырье;песчано-гравийные смеси;;
песок для отсыпки дорог;неметаллы;строительные материалы;;Минерально-строительное сырье;песчано-гравийные смеси;;
песок кирпичный;неметаллы;строительные материалы;;Минерально-строительное сырье;песчано-гравийные смеси;;
песок на грунт;неметаллы;строительные материалы;;Минерально-строительное сырье;песчано-гравийные смеси;;
песок на строительный грунт;неметаллы;строительные материалы;;Минерально-строительное сырье;песчано-гравийные смеси;;
песок строительный во вскрышных породах;неметаллы;строительные материалы;;Минерально-строительное сырье;песчано-гравийные смеси;;
песчаник на строительный камень;неметаллы;строительные материалы;;Минерально-строительное сырье;песчано-гравийные смеси;;
песчано-гравийно-валунные отложения для пгс;неметаллы;строительные материалы;;Минерально-строительное сырье;песчано-гравийные смеси;;
песчано-гравийные отложения для отсыпки дорог;неметаллы;строительные материалы;;Минерально-строительное сырье;песчано-гравийные смеси;;
песчано-гравийные отложения для пгс;неметаллы;строительные материалы;;Минерально-строительное сырье;песчано-гравийные смеси;;
песчано-гравийные отложения строительные;неметаллы;строительные материалы;;Минерально-строительное сырье;песчано-гравийные смеси;;
полиметаллические руды;металлы;Цветные металлы;;Цветные металлы;;;
породы метаморфические;неметаллы;строительные материалы;;Минерально-строительное сырье;;;
порфирит на строительный камень;неметаллы;строительные материалы;;Минерально-строительное сырье;порфирит;;
серебро в хвостах;благородные;благородные;т;Благородные металлы;серебро;Серебро;Благородные металлы
серебро рудн.;благородные;благородные;т;Благородные металлы;серебро;Серебро;Благородные металлы
сланец на строительный камень;неметаллы;строительные материалы;;Минерально-строительное сырье;сланцы;;
соль поваренная в рапе;неметаллы;соли;;Горнохимическое сырье;соль поваренная;;
соль поваренная садочная;неметаллы;соли;;Горнохимическое сырье;соль поваренная;;
суглинок кирпичный;неметаллы;строительные материалы;;;суглинки;;
суглинок на строительный грунт;неметаллы;строительные материалы;;;суглинки;;
туф на строительный камень;неметаллы;строительные материалы;;;туфы;;
туфопесчаник на строительный камень;неметаллы;строительные материалы;;;туфопесчаник;;
железистые кварциты;металлы;Черные металлы;;;железистые кварциты;;
хризотил-асбест;неметаллы;строительные материалы;;Горно-техническое сырье;асбест;Асбест;
порфир облицовочные камни;неметаллы;строительные материалы;;;;;
песок гравелистый;неметаллы;строительные материалы;;;;;
туфоалевролит;неметаллы;строительные материалы;;;;;
туфопесчаник, алевропесчаник;неметаллы;строительные материалы;;;;;
известняк, роговик (строительные камни);неметаллы;строительные материалы;;;;;
сланец глинистый;неметаллы;глина;тыс.куб.м;;;;
песок (закладка выемочного пространства);неметаллы;строительные материалы;;;;;
суглинок (кирпично-черепичное сырье), супесь (кирпично-черепичное сырье);неметаллы;глина;;;;;
песок (госрезерв) (строительное сырье), песок (строительное сырье);неметаллы;строительные материалы;;;;;
песок (верхний слой) (строительные растворы), песок (нижний слой) (наполнители бетона);неметаллы;строительные материалы;;;;;
песок (кирпично-черепичное сырье),;неметаллы;строительные материалы;;;;;
песок (восточная и южная части) (силикатные изделия), песок (северная и западная части) (силикатные изделия);неметаллы;строительные материалы;;;;;
мергель магнезиальный;неметаллы;строительные материалы;;;;;
песок отощитель;неметаллы;строительные материалы;;;;;
глина пестроцветная (цем. сырье - глинист. комп.);неметаллы;глина;;;;;
известняк мергелистый (цем. сырье - карбонат. компоненты);неметаллы;строительные материалы;;;;;
гранит выветрелый;неметаллы;строительные материалы;;;;;
щебень (отсев);неметаллы;строительные материалы;;;;;
гранодиорит, сиенит;неметаллы;строительные материалы;;;;;
вольфрам (брекчиевое тело);металлы;Цветные металлы;т;Цветные металлы;вольфрам россыпной;Вольфрам;Цветные металлы
вольфрам штокверковая зона;металлы;Цветные металлы;т;Цветные металлы;вольфрам россыпной;Вольфрам;Цветные металлы
туфоалевролит, порфирит, туф;неметаллы;строительные материалы;;;;;
мрамор для щебня;неметаллы;строительные материалы;;;;;
глины тугоплавкие;неметаллы;глина;;;;;
риодацит (липарито-дацит);неметаллы;строительные материалы;;;;;
глина (огнеупорные материалы), глина (тугоплавкие материалы);неметаллы;глина;;;;;
известняк (карбонатное сырье для сахарной промышленности);неметаллы;добавки;;;;;
песок (цем. сырье);неметаллы;строительные материалы;;;;;
суглинок (аглопоритовое сырье);неметаллы;глина;;;;;
песок (асфальтовые растворы);неметаллы;строительные материалы;;;;;
дресвяный материал;неметаллы;строительные материалы;;;;;
яшма древовидная;неметаллы;поделочные камни;;;яшма;;
песок (госрезерв) (силикатные изделия), песок (разработка) (силикатные изделия);неметаллы;строительные материалы;;;;;
габбродиабаз;неметаллы;строительные материалы;;;;;
хлористый магний;неметаллы;добавки;;;;;
глина белая (огнеупорные материалы);неметаллы;глина;;;;;
песок, песок (отсев);неметаллы;строительные материалы;;;;;
суглинок, супесь;неметаллы;строительные материалы;;;;;
гипс мергелистый;неметаллы;строительные материалы;;;;;
глина (огнеупорная, кирпично-черепичное сырье);неметаллы;глина;;;;;
тенардит;неметаллы;добавки;;;;;
сернокислый магний;неметаллы;добавки;;;;;
суглинок, суглинок (кирпично-черепичное сырье);неметаллы;глина;;;;;
мергель глинистый;неметаллы;строительные материалы;;;;;
глина, суглинок;неметаллы;глина;;;;;
спекулярит;неметаллы;добавки;;;;;
глина пестроцветная (тугоплавкие материалы);неметаллы;глина;;;;;
огнеоупорные глины;неметаллы;глина;;;;;
гипс известковистый;неметаллы;строительные материалы;;;;;
песчано-щебнистый материал;неметаллы;строительные материалы;;;;;
глина (строительное сырье);неметаллы;глина;;;;;
суглинок (кислотоупорные камни);неметаллы;строительные материалы;;;;;
глина суглинок;неметаллы;глина;;;;;
песчаник, алевролит;неметаллы;строительные материалы;тыс.куб.м;;алевролит;;
гранит, диорит;неметаллы;строительные материалы;;;;;
вулканические породы;неметаллы;строительные материалы;;;;;
золото россыпное (отвалы);благородные;золото россыпное;;;;;
серебро (отвалы);благородные;благородные;т;Благородные металлы;серебро;Серебро;Благородные металлы
серебро кора выветривания;благородные;благородные;т;Благородные металлы;серебро;Серебро;Благородные металлы
гравий, валуны;неметаллы;строительные материалы;;;;;
риолит (липарит) порфировый;неметаллы;строительные материалы;;;;;
диорит, известняк (строительные камни);неметаллы;строительные материалы;;;;;
гнейс кианитовый;неметаллы;строительные материалы;;;;;
кианит (дистен);неметаллы;строительные материалы;;;;;
мел;неметаллы;строительные материалы;;;;;
суглинок глинистый;неметаллы;глина;;;;;
мрамор выветрелый;неметаллы;строительные материалы;;;;;
суглинок (грунты для отсыпки);неметаллы;строительные материалы;;;;;
сланец плагиоклаз-амфиболовый;неметаллы;строительные материалы;;;;;
гранит на строительный камень, габбро на строительный камень;неметаллы;строительные материалы;;;;;
соль поваренная садочная, соль поваренная в рапе;неметаллы;соли;;;;;
золото  рудное;благородные;золото рудное;;;;;
древесно-щебнистая смесь;неметаллы;строительные материалы;;;;;
песчано-гравийные отложения, песок строительный;неметаллы;строительные материалы;;;;;
песчано-гравийные отложения, песок для бетона;неметаллы;строительные материалы;;;;;
порфировый базальт;неметаллы;строительные материалы;;;;;
габброиды амфиболитизированные;неметаллы;строительные материалы;;;;;
мраморы;неметаллы;строительные материалы;;;;;
гравийно-галечный материал;неметаллы;строительные материалы;;;;;
габброид;неметаллы;строительные материалы;;;;;
глинистые сланцы;неметаллы;глина;тыс.куб.м;;;;
риолит;неметаллы;строительные материалы;;;;;
базальт (сырье для каменного литья);неметаллы;строительные материалы;;;;;
гpанит;неметаллы;строительные материалы;;;;;
соли смешанного состава;неметаллы;соли;;;;;
кварц (керамическое сырье);неметаллы;кварц и кварцит;;;;;
вторичные кварциты;неметаллы;кварц и кварцит;;;;;
пещеpный оникс;неметаллы;поделочные камни;;;;;
черный порфир;неметаллы;строительные материалы;;;;;
доломит флюсовый;неметаллы;строительные материалы;;;;;
монацит россыпной;неметаллы;поделочные камни;т;;;;
яшмы;неметаллы;поделочные камни;;;;;
стихтит;неметаллы;поделочные камни;;;;;
дацитоандезит;неметаллы;строительные материалы;;;;;
плагиогранит;неметаллы;строительные материалы;;;;;
фельзит;неметаллы;добавки;;;;;
кварцевые диориты;неметаллы;строительные материалы;;;;;
барит эфельный;неметаллы;барит;;;;;
серебро в окисл. руде;благородные;благородные;;;;;
железо валовое;металлы;Черные металлы;;;;;
известняк (щебень);неметаллы;строительные материалы;;;;;
известняк глинистый;неметаллы;строительные материалы;;;;;
тремолит;неметаллы;поделочные камни;;;;;
глина основная;неметаллы;глина;;;;;
глина полукислая;неметаллы;глина;;;;;
глина бурая;неметаллы;глина;;;;;
диабаз для каменного литья;неметаллы;строительные материалы;;;;;
известняк темно-серый;неметаллы;строительные материалы;;;;;
туф цеолитовый;неметаллы;строительные материалы;;;;;
кварцит марки КР-2;неметаллы;кварц и кварцит;;;;;
кварцит марки КФ;неметаллы;кварц и кварцит;;;;;
кварцит марки КШ;неметаллы;кварц и кварцит;;;;;
кварцит некондиционный (НК);неметаллы;кварц и кварцит;;;;;
кварцит (в недрах);неметаллы;кварц и кварцит;;;;;
кварцит всех марок;неметаллы;кварц и кварцит;;;;;
железо мартитовое;металлы;Черные металлы;;;;;
бор (руда);неметаллы;бор;;;;;
железо (руда);металлы;Черные металлы;;;;;
фосфор (карстовые фосфориты);неметаллы;фосфориты;;;;;
фосфор (пластовые фосфориты);неметаллы;фосфориты;;;;;
агат галтовочное сырье, агат коллекционное сырье;неметаллы;поделочные камни;;;;;
агат сортовой;неметаллы;поделочные камни;;;;;
суглинок кирпично-черепичное сырье;неметаллы;глина;;;;;
мрамор, сиенит;неметаллы;строительные материалы;;;;;
мрамор декоративный камень;неметаллы;строительные материалы;;;;;
порода шунгитсодержащая;неметаллы;строительные материалы;;;;;
уголь каменный, уголь окисленный;неметаллы;уголь;;;;;
алевролит, аргиллит;неметаллы;строительные материалы;;;;;
уголь каменный (кокс);неметаллы;уголь;;;;;
фтор;неметаллы;фтор;;;;;
уголь каменный метаморфизованный;неметаллы;уголь;;;;;
суглинок, глина;неметаллы;глина;;;;;
уголь каменный открытый КЕМ 01338 ТЭ;неметаллы;уголь;;;;;
уголь каменный открытый КЕМ 01341 ТЭ;неметаллы;уголь;;;;;
уголь каменный подземный КЕМ 01338 ТЭ;неметаллы;уголь;;;;;
уголь каменный подземный КЕМ 01341 ТЭ;неметаллы;уголь;;;;;
уголь окисленный открытый КЕМ 01338 ТЭ;неметаллы;уголь;;;;;
уголь окисленный открытый КЕМ 01341 ТЭ;неметаллы;уголь;;;;;
уголь окисленный подземный КЕМ 01338 ТЭ;неметаллы;уголь;;;;;
уголь окисленный подземный КЕМ 01341 ТЭ;неметаллы;уголь;;;;;
уголь каменный открытый;неметаллы;уголь;;;;;
уголь каменный подземный;неметаллы;уголь;;;;;
уголь окисленный открытый;неметаллы;уголь;;;;;
песчаник, алевролит, туфопесчаник;неметаллы;строительные материалы;;;;;
гранит, роговик;неметаллы;строительные материалы;;;;;
порфирит диабазовый, туф, туффит;неметаллы;строительные материалы;;;;;
глина беложгущаяся I;неметаллы;глина;;;;;
глина беложгущаяся II;неметаллы;глина;;;;;
глина беложгущаяся неспекающаяся II;неметаллы;глина;;;;;
глина беложгущаяся спекающаяся I;неметаллы;глина;;;;;
глина светложгущаяся спекающася 1С;неметаллы;глина;;;;;
глина темножгущаяся спекающаяся I;неметаллы;глина;;;;;
глина беложгущаяся  I;неметаллы;глина;;;;;
глина светложгущаяся неспекающася 2с.;неметаллы;глина;;;;;
глина светложгущаяся неспекющая 2С;неметаллы;глина;;;;;
глина светложгущаяся спекающая 1С;неметаллы;глина;;;;;
глина пестроцветная светлых тонов;неметаллы;глина;;;;;
глина пестроцветная темных тонов;неметаллы;глина;;;;;
глина, суглинок, супесь;неметаллы;глина;;;;;
порфирит, альбитофир, лавобрекчия;неметаллы;строительные материалы;;;;;
лавобрекчия;неметаллы;строительные материалы;;;;;
порфирит альбитофир,лавобрекчия,затронутые выветриванием;неметаллы;строительные материалы;;;;;
порфирит альбитофир,лавобрекчия,не затронутые выветриванием;неметаллы;строительные материалы;;;;;
диабаз, порфирит диабазовый, дацит;неметаллы;строительные материалы;;;;;
глина коры выветривания;неметаллы;глина;;;;;
порфирит диабазовый, туф, туфопесчаник, алевролит;неметаллы;строительные материалы;;;;;
туфобрекчия, лавобрекчия, альбитофир;неметаллы;строительные материалы;;;;;
туфобрекчия альбитофировая, лавобрекчия;неметаллы;строительные материалы;;;;;
туфобрекчия, лавобрекчия;неметаллы;строительные материалы;;;;;
гравийно-песчаный материал, песок;неметаллы;строительные материалы;;;;;
уголь каменный (антрацит);неметаллы;уголь;;;;;
песчано-гравийно-галечный материал;неметаллы;строительные материалы;;;;;
кератофир;неметаллы;строительные материалы;;;;;
сланец углисто-глинистый;неметаллы;сланцы;;;;;
песок силикатный;неметаллы;строительные материалы;;;;;
песок кварц-полевошпатовый;неметаллы;строительные материалы;;;;;
песок формовочный кварц-полевошпатовый;неметаллы;строительные материалы;;;;;
суглинок участок №1;неметаллы;глина;;;;;
суглинок участок №2;неметаллы;глина;;;;;
глина светложгущаяся северный уч-к;неметаллы;глина;;;;;
глина светложгущаяся южный уч-к;неметаллы;глина;;;;;
глина светложгущаяся;неметаллы;глина;;;;;
алюминий (бокситы);металлы;алюминий;;;;;
глина основная (огнеупорные материалы);неметаллы;глина;;;;;
глина полукислая (огнеупорные материалы);неметаллы;глина;;;;;
нефелиновые руды;металлы;алюминий;;;;;
мусковит мелкоразмерный;неметаллы;слюды;;;;;
мусковит листовой;неметаллы;слюды;;;;;
шунгит;неметаллы;химическое сырье;;;;;
антрацит;уголь;уголь;;;;;
глина каолинитовая;неметаллы;глина;;;;;
алеврит;неметаллы;строительные материалы;;;;;
гравелит;неметаллы;строительные материалы;;;;;
берешит;неметаллы;алюминий;;;;;
опал;неметаллы;поделочные камни;;;;;
камень точильный;неметаллы;камни точильные;;;;;
асфальтит;неметаллы;строительные материалы;;;;;
высокоглиноземное сырье;неметаллы;алюминий;;;;;
